"Date","Price","Open","High","Low","Change %"
"06/30/2025","0.689","0.719","0.719","0.719","10.77%"
"06/27/2025","0.622","0.749","0.749","0.640","-13.49%"
"06/26/2025","0.719","0.788","0.788","0.709","-5.52%"
"06/25/2025","0.761","0.778","0.791","0.778","1.33%"
"06/24/2025","0.751","0.768","0.809","0.768","9.16%"
"06/23/2025","0.688","0.678","0.718","0.678","18.62%"
"06/20/2025","0.580","0.679","0.680","0.679","-10.63%"
"06/19/2025","0.649","0.679","0.679","0.649","-0.15%"
"06/18/2025","0.650","0.701","0.701","0.629","-2.69%"
"06/17/2025","0.668","0.900","0.900","0.698","-18.54%"
"06/16/2025","0.820","0.841","0.850","0.828","1.23%"
"06/13/2025","0.810","0.831","0.849","0.831","1.25%"
"06/12/2025","0.800","0.822","0.852","0.822","1.14%"
"06/11/2025","0.791","0.829","0.829","0.821","-1.13%"
"06/10/2025","0.800","0.900","0.962","0.830","-2.44%"
"06/09/2025","0.820","0.841","0.859","0.841","1.23%"
"06/06/2025","0.810","0.831","0.879","0.831","1.25%"
"06/05/2025","0.800","0.860","0.860","0.809","-3.50%"
"06/04/2025","0.829","0.770","0.859","0.770","12.33%"
"06/03/2025","0.738","0.711","0.768","0.698","21.18%"
"06/02/2025","0.609","0.568","0.661","0.568","12.78%"
"05/30/2025","0.540","0.500","0.570","0.500","15.14%"
"05/29/2025","0.469","0.481","0.499","0.481","4.22%"
"05/28/2025","0.450","0.531","0.531","0.480","-10.00%"
"05/27/2025","0.500","0.641","0.641","0.530","-9.26%"
"05/26/2025","0.551","0.590","0.590","0.542","-1.96%"
"05/23/2025","0.562","0.771","0.771","0.592","-24.05%"
"05/22/2025","0.740","0.792","0.830","0.770","-2.76%"
"05/21/2025","0.761","0.889","0.889","0.791","-11.72%"
"05/20/2025","0.862","1.350","1.350","0.892","-33.79%"
"05/19/2025","1.302","1.332","1.332","1.332","0.23%"
"05/16/2025","1.299","1.268","1.329","1.268","4.72%"
"05/15/2025","1.240","1.279","1.279","1.270","-0.84%"
"05/14/2025","1.251","1.281","1.281","1.132","0.16%"
"05/13/2025","1.249","1.498","1.651","1.279","-13.74%"
"05/12/2025","1.448","1.890","1.890","1.478","-22.15%"
"05/09/2025","1.860","2.122","2.122","1.890","-10.96%"
"05/08/2025","2.089","2.718","2.718","2.119","-22.37%"
"05/07/2025","2.691","3.031","3.040","2.721","-10.24%"
"05/06/2025","2.998","3.412","3.412","3.028","-11.59%"
"05/02/2025","3.391","3.421","3.421","3.408","0.03%"
"04/30/2025","3.390","3.438","3.438","3.420","-0.62%"
"04/29/2025","3.411","3.258","3.441","3.258","5.31%"
"04/28/2025","3.239","3.260","3.269","3.260","0.25%"
"04/25/2025","3.231","3.209","3.261","3.209","1.32%"
"04/24/2025","3.189","3.201","3.219","3.201","0.63%"
"04/23/2025","3.169","3.190","3.199","3.190","0.25%"
"04/22/2025","3.161","3.149","3.191","3.120","2.96%"
"04/17/2025","3.070","3.171","3.171","3.149","-2.20%"
"04/16/2025","3.139","3.182","3.182","3.138","-0.33%"
"04/15/2025","3.149","3.118","3.200","3.049","1.99%"
"04/14/2025","3.088","3.140","3.140","3.118","-0.64%"
"04/11/2025","3.108","3.098","3.138","3.041","1.20%"
"04/10/2025","3.071","3.118","3.140","3.101","-0.94%"
"04/09/2025","3.100","3.121","3.130","3.121","0.32%"
"04/08/2025","3.090","3.062","3.130","3.028","1.98%"
"04/07/2025","3.030","3.060","3.082","3.050","0.03%"
"04/03/2025","3.029","3.050","3.081","3.050","1.30%"
"04/02/2025","2.990","3.079","3.088","3.079","-1.90%"
"04/01/2025","3.048","3.151","3.168","3.078","-2.28%"
"03/31/2025","3.119","3.149","3.149","3.042","-0.06%"
"03/28/2025","3.121","3.222","3.222","3.151","-2.13%"
"03/27/2025","3.189","3.280","3.280","3.210","-1.88%"
"03/26/2025","3.250","3.289","3.290","3.280","0.46%"
"03/25/2025","3.235","3.341","3.341","3.278","-2.30%"
"03/24/2025","3.311","3.332","3.341","3.330","2.03%"
"03/21/2025","3.245","3.319","3.332","3.319","2.53%"
"03/20/2025","3.165","3.332","3.332","3.319","-4.03%"
"03/19/2025","3.298","3.341","3.350","3.328","-0.66%"
"03/18/2025","3.320","3.341","3.350","3.323","0.27%"
"03/17/2025","3.311","3.359","3.380","3.290","-0.54%"
"03/14/2025","3.329","3.359","3.380","3.350","0.03%"
"03/13/2025","3.328","3.400","3.400","3.358","-1.10%"
"03/12/2025","3.365","3.358","3.401","3.358","-0.30%"
"03/11/2025","3.375","3.362","3.380","3.362","1.38%"
"03/10/2025","3.329","3.332","3.370","3.319","0.82%"
"03/07/2025","3.302","3.341","3.341","3.301","4.33%"
"03/06/2025","3.165","3.332","3.341","3.330","-4.03%"
"03/05/2025","3.298","3.349","3.349","3.328","-0.63%"
"03/04/2025","3.319","3.428","3.441","3.349","-1.07%"
"03/03/2025","3.355","3.439","3.450","3.430","-1.56%"
"02/28/2025","3.408","3.429","3.460","3.429","0.29%"
"02/27/2025","3.398","3.428","3.441","3.428","-0.09%"
"02/26/2025","3.401","3.410","3.470","3.410","0.56%"
"02/25/2025","3.382","3.462","3.580","3.410","-1.46%"
"02/24/2025","3.432","3.479","3.479","3.462","-0.58%"
"02/21/2025","3.452","3.482","3.482","3.469","0.04%"
"02/20/2025","3.451","3.459","3.480","3.459","0.54%"
"02/19/2025","3.432","3.470","3.474","3.462","-0.23%"
"02/18/2025","3.440","3.399","3.470","3.378","2.11%"
"02/17/2025","3.369","3.381","3.580","3.381","-0.35%"
"02/14/2025","3.381","3.381","3.381","3.359","0.03%"
"02/13/2025","3.380","3.332","3.380","3.332","1.56%"
"02/12/2025","3.328","3.319","3.340","3.319","0.54%"
"02/11/2025","3.310","3.349","3.370","3.310","-1.19%"
"02/10/2025","3.350","3.350","3.370","3.332","0.00%"
"02/07/2025","3.350","3.319","3.350","3.319","0.93%"
"02/06/2025","3.319","3.302","3.319","3.289","-3.24%"
"02/05/2025","3.430","3.302","3.430","3.289","3.97%"
"02/04/2025","3.299","3.428","3.441","3.299","-3.82%"
"02/03/2025","3.430","3.470","3.470","3.430","-0.23%"
"01/28/2025","3.438","3.531","3.548","3.438","-2.63%"
"01/27/2025","3.531","3.531","3.531","3.531","0.06%"
"01/24/2025","3.529","3.529","3.529","3.529","0.00%"
"01/23/2025","3.529","3.542","3.581","3.529","-0.28%"
"01/22/2025","3.539","3.578","3.578","3.539","-1.09%"
"01/21/2025","3.578","3.600","3.600","3.578","-1.46%"
"01/20/2025","3.631","3.630","3.640","3.630","0.08%"
"01/17/2025","3.628","3.601","3.630","3.601","0.83%"
"01/16/2025","3.598","3.581","3.598","3.581","0.81%"
"01/15/2025","3.569","3.690","3.760","3.569","-3.31%"
"01/14/2025","3.691","3.680","3.691","3.680","-2.10%"
"01/13/2025","3.770","3.779","3.779","3.760","-0.21%"
"01/10/2025","3.778","3.752","3.778","3.752","0.75%"
"01/09/2025","3.750","3.780","3.780","3.750","-0.79%"
"01/08/2025","3.780","3.798","3.798","3.780","-0.53%"
"01/07/2025","3.800","3.829","3.850","3.800","-1.09%"
"01/06/2025","3.842","3.851","3.851","3.842","-0.18%"
"01/03/2025","3.849","3.880","3.880","3.849","-0.75%"
"01/02/2025","3.878","3.930","3.930","3.878","-1.85%"
"12/31/2024","3.951","3.928","3.961","3.928","0.56%"
"12/30/2024","3.929","3.929","3.929","3.929","-0.05%"
"12/27/2024","3.931","3.958","3.958","3.931","-0.76%"
"12/24/2024","3.961","3.961","3.961","3.961","0.84%"
"12/23/2024","3.928","3.881","3.928","3.881","1.26%"
"12/20/2024","3.879","3.911","3.911","3.879","-0.74%"
"12/19/2024","3.908","3.922","3.930","3.908","-0.28%"
"12/18/2024","3.919","3.950","3.950","3.889","-0.58%"
"12/17/2024","3.942","3.942","3.942","3.942","-0.18%"
"12/16/2024","3.949","3.931","3.980","3.931","0.53%"
"12/13/2024","3.928","3.928","4.000","3.900","-0.05%"
"12/12/2024","3.930","3.930","3.957","3.930","0.05%"
"12/11/2024","3.928","3.941","3.941","3.928","-2.51%"
"12/10/2024","4.029","4.020","4.030","3.970","1.49%"
"12/09/2024","3.970","3.900","4.021","3.891","1.74%"
"12/06/2024","3.902","3.920","3.980","3.902","-0.46%"
"12/05/2024","3.920","3.930","3.930","3.913","-0.20%"
"12/04/2024","3.928","3.980","3.980","3.919","-1.55%"
"12/03/2024","3.990","3.992","3.992","3.979","-0.55%"
"12/02/2024","4.012","4.030","4.030","3.998","0.10%"
"11/29/2024","4.008","4.030","4.030","3.930","-0.79%"
"11/28/2024","4.040","4.018","4.040","3.930","0.52%"
"11/27/2024","4.019","4.040","4.062","3.930","1.70%"
"11/26/2024","3.952","4.002","4.002","3.952","-1.15%"
"11/25/2024","3.998","3.949","3.998","3.949","1.19%"
"11/22/2024","3.951","3.968","3.980","3.951","-0.73%"
"11/21/2024","3.980","3.948","3.980","3.948","0.76%"
"11/20/2024","3.950","3.980","4.006","3.950","-0.73%"
"11/19/2024","3.979","3.950","3.979","3.950","-1.27%"
"11/18/2024","4.030","4.021","4.030","4.021","0.20%"
"11/15/2024","4.022","4.008","4.022","4.008","0.32%"
"11/14/2024","4.009","4.049","4.049","4.009","-0.99%"
"11/13/2024","4.049","4.010","4.049","4.010","3.53%"
"11/12/2024","3.911","3.920","3.920","3.911","-0.28%"
"11/11/2024","3.922","3.922","3.931","3.909","0.05%"
"11/08/2024","3.920","3.920","3.928","3.920","-0.05%"
"11/07/2024","3.922","3.891","3.922","3.891","0.85%"
"11/06/2024","3.889","3.882","3.890","3.880","-0.49%"
"11/05/2024","3.908","3.908","3.921","3.908","-0.08%"
"11/04/2024","3.911","3.911","3.911","3.851","0.08%"
"11/01/2024","3.908","3.900","3.908","3.900","0.67%"
"10/31/2024","3.882","3.882","3.882","3.882","-0.46%"
"10/30/2024","3.900","3.930","3.930","3.790","-0.76%"
"10/29/2024","3.930","3.790","3.930","3.790","2.61%"
"10/28/2024","3.830","3.821","3.860","3.821","0.00%"
"10/25/2024","3.830","3.800","3.840","3.800","1.59%"
"10/24/2024","3.770","3.780","3.780","3.758","-0.26%"
"10/23/2024","3.780","3.790","3.800","3.770","-0.53%"
"10/22/2024","3.800","3.760","3.810","3.760","0.26%"
"10/21/2024","3.790","3.790","3.790","3.760","0.53%"
"10/18/2024","3.770","3.750","3.790","3.750","0.53%"
"10/17/2024","3.750","3.758","3.758","3.729","-1.06%"
"10/16/2024","3.790","3.811","3.811","3.760","-0.79%"
"10/15/2024","3.820","3.802","3.820","3.800","-0.78%"
"10/14/2024","3.850","3.830","3.850","3.830","0.79%"
"10/10/2024","3.820","3.800","3.859","3.800","0.53%"
"10/09/2024","3.800","3.799","3.800","3.749","-0.26%"
"10/08/2024","3.810","3.830","3.831","3.800","-1.30%"
"10/07/2024","3.860","3.742","3.860","3.740","3.51%"
"10/04/2024","3.729","3.691","3.730","3.691","0.24%"
"10/03/2024","3.720","3.640","3.720","3.640","2.20%"
"10/02/2024","3.640","3.580","3.728","3.580","1.70%"
"09/30/2024","3.579","3.490","3.579","3.329","4.37%"
"09/27/2024","3.429","3.410","3.640","3.410","0.56%"
"09/26/2024","3.410","3.360","3.410","3.330","1.49%"
"09/25/2024","3.360","3.369","3.370","3.329","-0.27%"
"09/24/2024","3.369","3.320","3.470","3.320","0.87%"
"09/23/2024","3.340","3.332","3.410","3.240","1.52%"
"09/20/2024","3.290","3.229","3.290","3.229","1.54%"
"09/19/2024","3.240","3.240","3.250","3.228","0.00%"
"09/17/2024","3.240","3.370","3.370","3.240","-4.42%"
"09/16/2024","3.390","3.600","3.600","3.350","0.00%"
"09/13/2024","3.390","3.418","3.418","3.350","-0.88%"
"09/12/2024","3.420","3.528","3.528","3.350","-1.72%"
"09/11/2024","3.480","3.580","3.580","3.480","-2.82%"
"09/10/2024","3.581","3.610","3.610","3.581","-1.62%"
"09/09/2024","3.640","3.546","3.640","3.546","0.83%"
"09/06/2024","3.610","3.610","3.610","3.604","0.00%"
"09/05/2024","3.610","3.630","3.630","3.603","-0.55%"
"09/04/2024","3.630","3.609","3.720","3.601","0.55%"
"09/03/2024","3.610","3.680","3.692","3.610","-2.43%"
"09/02/2024","3.700","3.712","3.720","3.690","-0.54%"
"08/30/2024","3.720","3.720","3.720","3.710","0.27%"
"08/29/2024","3.710","3.680","3.720","3.680","0.82%"
"08/28/2024","3.680","3.700","3.710","3.670","-0.54%"
"08/27/2024","3.700","3.790","3.840","3.700","-2.63%"
"08/26/2024","3.800","3.808","3.850","3.799","-1.30%"
"08/23/2024","3.850","3.850","3.850","3.850","0.55%"
"08/22/2024","3.829","3.850","3.870","3.829","-1.06%"
"08/21/2024","3.870","3.882","3.900","3.869","-0.26%"
"08/20/2024","3.880","3.900","3.900","3.880","-0.72%"
"08/19/2024","3.908","3.900","3.908","3.900","0.49%"
"08/16/2024","3.889","3.902","3.902","3.889","-0.08%"
"08/15/2024","3.892","3.879","3.892","3.879","-0.46%"
"08/14/2024","3.910","3.939","3.939","3.898","-0.99%"
"08/13/2024","3.949","3.892","3.949","3.892","1.00%"
"08/12/2024","3.910","3.908","3.910","3.900","0.21%"
"08/09/2024","3.902","3.928","4.140","3.902","-0.71%"
"08/08/2024","3.930","3.920","4.140","3.908","0.26%"
"08/07/2024","3.920","3.931","4.140","3.898","-0.23%"
"08/06/2024","3.929","4.051","4.051","3.929","-2.96%"
"08/05/2024","4.049","4.018","4.049","4.018","-2.20%"
"08/02/2024","4.140","4.201","4.300","4.131","-0.96%"
"08/01/2024","4.180","4.230","4.230","4.180","-1.18%"
"07/31/2024","4.230","4.299","4.300","4.229","-1.65%"
"07/30/2024","4.301","4.360","4.390","4.301","-1.58%"
"07/29/2024","4.370","4.368","4.400","4.351","-0.68%"
"07/26/2024","4.400","4.400","4.400","4.390","0.00%"
"07/25/2024","4.400","4.390","4.400","4.385","0.23%"
"07/24/2024","4.390","4.400","4.400","4.390","-0.23%"
"07/23/2024","4.400","4.390","4.400","4.387","0.00%"
"07/22/2024","4.400","4.400","4.420","4.390","0.00%"
"07/19/2024","4.400","4.400","4.400","4.391","-0.68%"
"07/18/2024","4.430","4.410","4.430","4.410","0.45%"
"07/17/2024","4.410","4.440","4.440","4.410","-0.68%"
"07/16/2024","4.440","4.410","4.440","4.410","0.45%"
"07/15/2024","4.420","4.430","4.430","4.412","-0.23%"
"07/12/2024","4.430","4.450","4.450","4.400","-0.45%"
"07/11/2024","4.450","4.419","4.460","4.398","0.68%"
"07/10/2024","4.420","4.460","4.460","4.410","-0.90%"
"07/09/2024","4.460","4.420","4.460","4.379","0.90%"
"07/08/2024","4.420","4.410","4.420","4.410","0.45%"
"07/05/2024","4.400","4.410","4.420","4.400","-0.23%"
"07/04/2024","4.410","4.430","4.440","4.398","-0.45%"
"07/03/2024","4.430","4.440","4.440","4.400","-0.23%"
"07/02/2024","4.440","4.428","4.450","4.428","0.23%"
"06/28/2024","4.430","4.430","4.430","4.420","0.00%"
"06/27/2024","4.430","4.430","4.460","4.430","0.00%"
"06/26/2024","4.430","4.420","4.490","4.410","0.23%"
"06/25/2024","4.420","4.420","4.490","4.412","-0.23%"
"06/24/2024","4.430","4.420","4.450","4.420","0.68%"
"06/21/2024","4.400","4.400","4.420","4.379","0.00%"
"06/20/2024","4.400","4.330","4.400","4.330","0.69%"
"06/19/2024","4.370","4.390","4.391","4.359","-0.46%"
"06/18/2024","4.390","4.330","4.390","4.330","1.39%"
"06/17/2024","4.330","4.370","4.370","4.330","0.00%"
"06/14/2024","4.330","4.390","4.390","4.330","-1.37%"
"06/13/2024","4.390","4.380","4.390","4.360","0.23%"
"06/12/2024","4.380","4.378","4.380","4.349","0.02%"
"06/11/2024","4.379","4.359","4.379","4.330","-0.52%"
"06/10/2024","4.402","4.402","4.402","4.402","0.73%"
"06/07/2024","4.370","4.330","4.380","4.330","0.92%"
"06/06/2024","4.330","4.360","4.370","4.330","-0.69%"
"06/05/2024","4.360","4.341","4.370","4.341","0.51%"
"06/04/2024","4.338","4.301","4.338","4.301","0.93%"
"06/03/2024","4.298","4.360","4.360","4.298","-1.42%"
"05/31/2024","4.360","4.360","4.410","4.300","0.00%"
"05/30/2024","4.360","4.410","4.410","4.300","0.00%"
"05/29/2024","4.360","4.360","4.432","4.360","0.00%"
"05/28/2024","4.360","4.360","4.410","4.351","0.00%"
"05/27/2024","4.360","4.410","4.410","4.342","-1.13%"
"05/24/2024","4.410","4.380","4.420","4.378","0.68%"
"05/23/2024","4.380","4.381","4.398","4.300","0.00%"
"05/22/2024","4.380","4.419","4.419","4.299","-0.90%"
"05/21/2024","4.420","4.300","4.420","4.300","2.79%"
"05/20/2024","4.300","4.310","4.320","4.280","0.70%"
"05/17/2024","4.270","4.280","4.310","4.239","-0.23%"
"05/16/2024","4.280","4.260","4.281","4.251","-0.38%"
"05/15/2024","4.297","4.297","4.297","4.297","0.62%"
"05/14/2024","4.270","4.200","4.270","4.150","1.43%"
"05/13/2024","4.210","4.190","4.210","4.190","0.00%"
"05/10/2024","4.210","4.179","4.210","4.170","0.72%"
"05/09/2024","4.180","4.190","4.200","4.180","-0.24%"
"05/08/2024","4.190","4.180","4.192","4.150","0.24%"
"05/07/2024","4.180","4.191","4.191","4.170","0.24%"
"05/06/2024","4.170","4.190","4.230","4.170","-2.11%"
"05/03/2024","4.260","4.230","4.280","4.190","0.71%"
"05/02/2024","4.230","4.189","4.281","4.189","0.06%"
"05/01/2024","4.227","4.228","4.228","4.227","0.85%"
"04/30/2024","4.192","4.210","4.210","4.150","-0.43%"
"04/29/2024","4.210","4.130","4.210","4.130","1.91%"
"04/26/2024","4.131","4.130","4.160","4.110","0.02%"
"04/25/2024","4.130","4.101","4.160","4.101","0.71%"
"04/24/2024","4.101","4.101","4.150","4.080","0.00%"
"04/23/2024","4.101","4.162","4.170","4.101","-1.42%"
"04/22/2024","4.160","4.320","4.320","4.158","0.24%"
"04/19/2024","4.150","4.179","4.320","4.070","-0.72%"
"04/18/2024","4.180","4.260","4.320","4.180","-1.88%"
"04/17/2024","4.260","4.312","4.320","4.229","-1.16%"
"04/16/2024","4.310","4.178","4.310","4.178","3.11%"
"04/15/2024","4.180","4.180","4.180","4.180","-0.71%"
"04/12/2024","4.210","4.231","4.290","4.201","-0.47%"
"04/11/2024","4.230","4.250","4.250","4.220","-0.47%"
"04/10/2024","4.250","4.290","4.290","4.241","-0.93%"
"04/09/2024","4.290","4.310","4.340","4.281","-0.69%"
"04/08/2024","4.320","4.340","4.340","4.311","-0.44%"
"04/05/2024","4.339","4.352","4.360","4.339","-1.24%"
"04/04/2024","4.393","4.393","4.393","4.393","1.02%"
"04/03/2024","4.349","4.279","4.360","4.279","1.59%"
"04/02/2024","4.281","4.289","4.289","4.199","-1.11%"
"04/01/2024","4.329","4.328","4.329","4.328","0.01%"
"03/29/2024","4.328","4.328","4.328","4.328","0.66%"
"03/28/2024","4.300","4.298","4.390","4.289","-0.23%"
"03/27/2024","4.310","4.391","4.391","4.299","-1.84%"
"03/26/2024","4.391","4.370","4.391","4.350","0.25%"
"03/25/2024","4.380","4.360","4.380","4.359","0.64%"
"03/22/2024","4.352","4.290","4.360","4.290","0.51%"
"03/21/2024","4.330","4.331","4.331","4.289","0.00%"
"03/20/2024","4.330","4.312","4.330","4.299","0.46%"
"03/19/2024","4.310","4.191","4.310","4.190","2.62%"
"03/18/2024","4.200","4.190","4.202","4.180","0.24%"
"03/15/2024","4.190","4.179","4.200","4.179","0.24%"
"03/14/2024","4.180","4.180","4.180","4.172","0.00%"
"03/13/2024","4.180","4.150","4.180","4.150","0.48%"
"03/12/2024","4.160","4.110","4.160","4.101","1.00%"
"03/11/2024","4.119","4.119","4.119","4.119","0.22%"
"03/08/2024","4.110","4.110","4.118","4.110","0.02%"
"03/07/2024","4.109","4.101","4.109","4.101","1.43%"
"03/06/2024","4.051","4.080","4.080","4.051","-0.71%"
"03/05/2024","4.080","4.031","4.080","4.031","1.24%"
"03/04/2024","4.030","4.030","4.031","4.030","-0.47%"
"03/01/2024","4.049","4.060","4.060","4.030","-0.27%"
"02/29/2024","4.060","4.059","4.100","4.050","-0.98%"
"02/28/2024","4.100","4.051","4.100","4.051","1.21%"
"02/27/2024","4.051","4.070","4.130","4.051","-0.47%"
"02/26/2024","4.070","4.090","4.090","4.070","-0.76%"
"02/23/2024","4.101","4.148","4.148","4.090","-1.18%"
"02/22/2024","4.150","4.110","4.151","4.110","0.70%"
"02/21/2024","4.121","4.110","4.130","4.109","0.27%"
"02/20/2024","4.110","4.072","4.110","4.060","0.24%"
"02/19/2024","4.100","4.100","4.100","4.071","0.49%"
"02/16/2024","4.080","4.100","4.100","4.049","-0.49%"
"02/15/2024","4.100","4.060","4.100","4.051","-0.73%"
"02/14/2024","4.130","4.060","4.130","4.060","0.77%"
"02/13/2024","4.098","4.099","4.099","4.098","-0.01%"
"02/12/2024","4.099","4.099","4.099","4.099","0.76%"
"02/09/2024","4.068","4.100","4.101","4.060","-0.78%"
"02/08/2024","4.100","4.120","4.120","4.100","-0.49%"
"02/07/2024","4.120","4.050","4.150","4.050","1.73%"
"02/06/2024","4.050","4.050","4.080","4.010","-0.25%"
"02/05/2024","4.060","4.160","4.160","4.040","-0.98%"
"02/02/2024","4.100","4.100","4.100","4.028","0.00%"
"02/01/2024","4.100","4.060","4.160","4.040","0.99%"
"01/31/2024","4.060","4.150","4.150","4.051","-2.40%"
"01/30/2024","4.160","4.121","4.170","4.070","0.68%"
"01/29/2024","4.132","4.080","4.132","4.080","1.27%"
"01/26/2024","4.080","4.030","4.080","4.030","1.24%"
"01/25/2024","4.030","4.010","4.150","4.010","0.50%"
"01/24/2024","4.010","4.150","4.159","4.010","-3.37%"
"01/23/2024","4.150","4.310","4.310","4.150","-4.16%"
"01/22/2024","4.330","4.360","4.360","4.320","-0.51%"
"01/19/2024","4.352","4.360","4.360","4.339","-0.66%"
"01/18/2024","4.381","4.350","4.420","4.350","0.71%"
"01/17/2024","4.350","4.390","4.391","4.328","-0.93%"
"01/16/2024","4.391","4.410","4.412","4.391","-0.88%"
"01/15/2024","4.430","4.430","4.430","4.430","0.00%"
"01/12/2024","4.430","4.430","4.430","4.430","-0.02%"
"01/11/2024","4.431","4.381","4.431","4.381","1.21%"
"01/10/2024","4.378","4.449","4.449","4.001","-1.60%"
"01/09/2024","4.449","4.531","4.531","4.449","-2.43%"
"01/08/2024","4.560","4.482","4.560","4.480","1.74%"
"01/05/2024","4.482","4.530","4.530","4.430","-1.10%"
"01/04/2024","4.532","4.490","4.550","4.482","0.94%"
"01/03/2024","4.490","4.432","4.490","4.430","1.35%"
"01/02/2024","4.430","4.428","4.441","4.428","-1.52%"
"01/01/2024","4.498","4.497","4.498","4.497","0.86%"
"12/29/2023","4.460","4.580","4.580","4.451","-2.62%"
"12/28/2023","4.580","4.580","4.580","4.530","-0.02%"
"12/27/2023","4.581","4.581","4.581","4.581","-1.03%"
"12/26/2023","4.628","4.628","4.628","4.628","0.01%"
"12/25/2023","4.628","4.628","4.628","4.628","1.05%"
"12/22/2023","4.580","4.590","4.590","4.510","0.22%"
"12/21/2023","4.570","4.570","4.610","4.549","0.00%"
"12/20/2023","4.570","4.610","4.610","4.561","-0.87%"
"12/19/2023","4.610","4.670","4.680","4.609","-1.50%"
"12/18/2023","4.680","4.631","4.680","4.631","0.09%"
"12/16/2023","4.676","4.676","4.676","4.676","0.99%"
"12/15/2023","4.630","4.730","4.740","4.521","2.93%"
"12/14/2023","4.498","4.550","4.640","4.498","-1.14%"
"12/13/2023","4.550","4.660","4.740","4.548","-3.60%"
"12/12/2023","4.720","4.720","4.740","4.630","-0.25%"
"12/11/2023","4.732","4.740","4.740","4.730","-0.17%"
"12/08/2023","4.740","4.751","4.751","4.720","-0.84%"
"12/07/2023","4.780","4.780","4.780","4.780","1.04%"
"12/06/2023","4.731","4.701","4.731","4.701","0.23%"
"12/05/2023","4.720","4.890","4.960","4.699","-3.87%"
"12/04/2023","4.910","4.960","4.960","4.899","-2.37%"
"12/01/2023","5.029","5.090","5.090","5.029","-1.20%"
"11/30/2023","5.090","5.210","5.210","5.082","-1.93%"
"11/29/2023","5.190","5.271","5.271","5.190","-1.54%"
"11/28/2023","5.271","5.210","5.271","5.209","0.78%"
"11/27/2023","5.230","5.230","5.230","5.229","1.36%"
"11/24/2023","5.160","5.160","5.210","5.160","0.00%"
"11/23/2023","5.160","5.180","5.191","5.160","0.00%"
"11/22/2023","5.160","5.070","5.180","5.057","-0.23%"
"11/21/2023","5.172","5.070","5.180","5.057","1.81%"
"11/20/2023","5.080","5.040","5.080","5.040","0.75%"
"11/17/2023","5.042","5.050","5.051","5.040","0.64%"
"11/16/2023","5.010","5.010","5.010","4.973","0.00%"
"11/15/2023","5.010","5.030","5.042","4.963","-0.36%"
"11/14/2023","5.028","4.769","5.030","4.769","1.00%"
"11/13/2023","4.978","5.000","5.000","4.978","-0.40%"
"11/10/2023","4.998","5.011","5.011","4.998","-0.24%"
"11/09/2023","5.010","4.931","5.010","4.931","2.06%"
"11/08/2023","4.909","4.901","4.909","4.901","0.18%"
"11/07/2023","4.900","4.851","4.900","4.851","0.84%"
"11/06/2023","4.859","4.881","4.881","4.859","-0.45%"
"11/03/2023","4.881","4.881","4.881","4.859","0.02%"
"11/02/2023","4.880","4.872","4.880","4.859","0.16%"
"11/01/2023","4.872","4.901","4.901","4.872","-0.57%"
"10/31/2023","4.900","4.888","4.900","4.880","0.02%"
"10/30/2023","4.899","4.908","4.908","4.899","0.02%"
"10/27/2023","4.898","4.881","4.898","4.881","0.37%"
"10/26/2023","4.880","4.880","4.880","4.880","-0.16%"
"10/25/2023","4.888","4.888","4.901","4.888","0.00%"
"10/24/2023","4.888","4.818","4.888","4.810","-0.02%"
"10/23/2023","4.889","4.887","4.889","4.887","1.24%"
"10/20/2023","4.829","4.772","4.829","4.772","1.22%"
"10/19/2023","4.771","4.780","4.780","4.750","-0.19%"
"10/18/2023","4.780","4.859","4.859","4.780","-1.63%"
"10/17/2023","4.859","4.761","4.859","4.761","2.08%"
"10/16/2023","4.760","4.732","4.760","4.732","0.46%"
"10/13/2023","4.738","4.740","4.740","4.729","-0.04%"
"10/12/2023","4.740","4.780","4.780","4.720","-0.84%"
"10/11/2023","4.780","4.790","4.790","4.770","-0.21%"
"10/10/2023","4.790","4.790","4.790","4.781","0.21%"
"10/09/2023","4.780","4.710","4.780","4.710","1.08%"
"10/06/2023","4.729","4.751","4.751","4.690","-0.44%"
"10/05/2023","4.750","4.729","4.750","4.729","0.40%"
"10/04/2023","4.731","4.689","4.731","4.689","0.85%"
"10/03/2023","4.691","4.761","4.769","4.691","-2.58%"
"10/02/2023","4.815","4.814","4.815","4.814","1.18%"
"09/29/2023","4.759","4.789","4.789","4.750","-0.44%"
"09/28/2023","4.780","4.809","4.809","4.780","-0.62%"
"09/27/2023","4.810","4.872","4.872","4.810","-1.27%"
"09/26/2023","4.872","4.851","4.872","4.769","0.43%"
"09/25/2023","4.851","4.772","4.851","4.772","5.18%"
"09/22/2023","4.612","4.530","4.612","4.530","1.77%"
"09/21/2023","4.532","4.532","4.532","4.490","0.02%"
"09/20/2023","4.531","4.631","4.631","4.531","-2.12%"
"09/19/2023","4.629","4.498","4.629","4.498","2.87%"
"09/18/2023","4.500","4.399","4.500","4.399","2.27%"
"09/15/2023","4.400","4.369","4.400","4.369","0.46%"
"09/14/2023","4.380","4.390","4.390","4.100","-0.25%"
"09/13/2023","4.391","4.299","4.391","4.299","2.09%"
"09/12/2023","4.301","4.121","4.301","4.121","4.88%"
"09/11/2023","4.101","3.900","4.101","3.890","4.72%"
"09/09/2023","3.916","3.916","3.916","3.916","0.67%"
"09/08/2023","3.890","3.890","3.902","3.890","0.00%"
"09/07/2023","3.890","3.779","3.900","3.779","2.96%"
"09/06/2023","3.778","3.850","3.861","3.778","-1.87%"
"09/05/2023","3.850","3.790","3.850","3.770","1.10%"
"09/04/2023","3.808","3.611","3.808","3.611","5.54%"
"09/01/2023","3.608","3.608","3.608","3.608","-0.11%"
"08/31/2023","3.612","3.612","3.612","3.612","0.08%"
"08/30/2023","3.609","3.642","3.642","3.609","-0.82%"
"08/29/2023","3.639","3.790","3.802","3.639","-3.45%"
"08/28/2023","3.769","3.769","3.769","3.769","-0.32%"
"08/25/2023","3.781","3.820","3.820","3.781","-1.05%"
"08/24/2023","3.821","4.050","4.050","3.821","-5.68%"
"08/23/2023","4.051","4.150","4.150","4.051","-2.39%"
"08/22/2023","4.150","4.330","4.330","4.150","-3.94%"
"08/21/2023","4.320","4.381","4.381","4.320","-1.32%"
"08/18/2023","4.378","4.300","4.378","4.300","2.08%"
"08/17/2023","4.289","4.381","4.381","4.289","-2.03%"
"08/16/2023","4.378","4.419","4.419","4.370","-0.95%"
"08/15/2023","4.420","4.531","4.531","4.420","-2.43%"
"08/14/2023","4.530","4.482","4.530","4.482","1.07%"
"08/11/2023","4.482","4.482","4.482","4.482","0.00%"
"08/10/2023","4.482","4.532","4.532","4.440","-1.08%"
"08/09/2023","4.531","4.631","4.631","4.531","-1.95%"
"08/08/2023","4.621","4.629","4.629","4.621","-0.22%"
"08/07/2023","4.631","4.601","4.631","4.601","0.70%"
"08/04/2023","4.599","4.660","4.660","4.599","-1.35%"
"08/03/2023","4.662","4.679","4.679","4.662","-0.83%"
"08/02/2023","4.701","4.668","4.701","4.668","0.66%"
"08/01/2023","4.670","4.601","4.670","4.588","1.50%"
"07/31/2023","4.601","4.579","4.601","4.579","0.41%"
"07/28/2023","4.582","4.612","4.612","4.582","-0.65%"
"07/27/2023","4.612","4.532","4.612","4.532","1.79%"
"07/26/2023","4.531","4.461","4.531","4.461","1.57%"
"07/25/2023","4.461","4.449","4.461","4.449","0.22%"
"07/24/2023","4.451","4.460","4.460","4.451","-0.02%"
"07/21/2023","4.452","4.439","4.452","4.439","0.09%"
"07/20/2023","4.448","4.469","4.469","4.448","-0.29%"
"07/19/2023","4.461","4.419","4.461","4.419","0.93%"
"07/18/2023","4.420","4.371","4.420","4.371","1.19%"
"07/17/2023","4.368","4.368","4.368","4.368","-0.02%"
"07/14/2023","4.369","4.278","4.369","4.278","2.06%"
"07/13/2023","4.281","4.251","4.281","4.251","0.73%"
"07/12/2023","4.250","4.320","4.320","4.250","-1.67%"
"07/11/2023","4.322","4.330","4.330","4.301","-0.16%"
"07/10/2023","4.329","4.342","4.342","4.311","-0.23%"
"07/07/2023","4.339","4.408","4.408","4.339","-1.63%"
"07/06/2023","4.411","4.281","4.411","4.281","3.08%"
"07/05/2023","4.279","4.250","4.279","4.250","0.73%"
"07/04/2023","4.248","4.248","4.289","4.248","-0.05%"
"07/03/2023","4.250","4.202","4.250","4.202","1.17%"
"06/30/2023","4.201","4.170","4.201","4.170","0.70%"
"06/29/2023","4.172","4.138","4.172","4.138","0.72%"
"06/28/2023","4.142","4.109","4.142","4.109","0.80%"
"06/27/2023","4.109","4.211","4.211","4.109","-1.91%"
"06/26/2023","4.189","4.272","4.272","4.189","-1.90%"
"06/23/2023","4.270","4.231","4.270","4.231","0.04%"
"06/22/2023","4.268","4.268","4.268","4.268","0.91%"
"06/21/2023","4.230","4.251","4.251","4.209","-0.42%"
"06/20/2023","4.248","4.338","4.338","4.248","-2.16%"
"06/19/2023","4.342","4.259","4.342","4.259","1.90%"
"06/16/2023","4.261","4.231","4.261","4.231","1.72%"
"06/15/2023","4.189","4.071","4.189","4.071","2.87%"
"06/14/2023","4.072","3.997","4.072","3.997","1.85%"
"06/13/2023","3.998","4.060","4.080","3.998","-1.58%"
"06/12/2023","4.062","4.062","4.062","4.062","0.32%"
"06/09/2023","4.049","4.079","4.079","4.049","-0.76%"
"06/08/2023","4.080","3.958","4.080","3.958","3.03%"
"06/07/2023","3.960","3.910","3.960","3.898","1.33%"
"06/06/2023","3.908","3.921","3.921","3.908","0.00%"
"06/05/2023","3.908","3.908","3.908","3.908","-2.32%"
"06/02/2023","4.001","4.101","4.101","4.001","-2.44%"
"06/01/2023","4.101","4.130","4.130","4.101","-0.70%"
"05/31/2023","4.130","4.208","4.208","4.130","-1.92%"
"05/30/2023","4.211","4.248","4.268","4.211","0.26%"
"05/29/2023","4.200","4.180","4.250","4.140","4.52%"
"05/26/2023","4.018","4.018","4.018","4.018","0.71%"
"05/25/2023","3.990","3.889","3.990","3.889","2.31%"
"05/24/2023","3.900","4.001","4.010","3.799","-2.74%"
"05/23/2023","4.010","4.281","4.281","3.998","-6.31%"
"05/22/2023","4.280","4.350","4.350","4.272","-1.15%"
"05/19/2023","4.330","4.148","4.330","4.148","4.31%"
"05/18/2023","4.151","4.050","4.151","4.050","2.47%"
"05/17/2023","4.051","4.010","4.051","4.010","1.00%"
"05/16/2023","4.011","3.802","4.011","3.802","5.58%"
"05/15/2023","3.799","3.721","3.799","3.721","1.52%"
"05/12/2023","3.742","3.950","3.950","3.742","-5.27%"
"05/11/2023","3.950","3.871","3.950","3.842","2.09%"
"05/10/2023","3.869","3.588","3.869","3.588","7.77%"
"05/09/2023","3.590","3.492","3.590","3.492","2.89%"
"05/08/2023","3.489","3.489","3.489","3.489","0.78%"
"05/05/2023","3.462","3.401","3.462","3.401","1.85%"
"05/04/2023","3.399","3.291","3.399","3.291","3.66%"
"05/03/2023","3.279","3.291","3.291","3.279","-0.39%"
"05/02/2023","3.292","3.190","3.292","3.190","3.28%"
"05/01/2023","3.188","3.187","3.188","3.187","0.24%"
"04/28/2023","3.180","3.088","3.180","3.088","2.88%"
"04/27/2023","3.091","3.091","3.099","3.091","0.06%"
"04/26/2023","3.089","3.081","3.089","3.081","0.29%"
"04/25/2023","3.080","3.031","3.080","3.031","2.33%"
"04/24/2023","3.010","3.010","3.010","3.010","1.35%"
"04/21/2023","2.970","2.721","2.970","2.721","9.15%"
"04/20/2023","2.721","2.721","2.721","2.721","0.37%"
"04/19/2023","2.711","2.678","2.711","2.678","1.12%"
"04/18/2023","2.681","2.730","2.730","2.681","-0.70%"
"04/17/2023","2.700","2.640","2.701","2.640","2.80%"
"04/15/2023","2.626","2.626","2.626","2.626","-0.51%"
"04/14/2023","2.640","2.640","2.640","2.631","0.00%"
"04/13/2023","2.640","2.590","2.640","2.579","1.93%"
"04/12/2023","2.590","2.608","2.620","2.559","-1.15%"
"04/11/2023","2.620","2.649","2.700","2.612","-0.27%"
"04/10/2023","2.627","2.627","2.627","2.627","0.00%"
"04/08/2023","2.627","2.627","2.627","2.627","0.00%"
"04/07/2023","2.627","2.627","2.627","2.627","-0.15%"
"04/06/2023","2.631","2.670","2.670","2.618","-1.35%"
"04/05/2023","2.667","2.665","2.667","2.665","-0.11%"
"04/04/2023","2.670","2.752","2.781","2.670","-1.77%"
"04/03/2023","2.718","2.718","2.718","2.718","-0.11%"
"03/31/2023","2.721","2.678","2.721","2.678","1.57%"
"03/30/2023","2.679","2.671","2.679","2.671","0.34%"
"03/29/2023","2.670","2.649","2.670","2.649","0.79%"
"03/28/2023","2.649","2.710","2.722","2.649","-1.60%"
"03/27/2023","2.692","2.731","2.731","2.692","-3.20%"
"03/24/2023","2.781","2.781","2.781","2.781","0.07%"
"03/23/2023","2.779","2.779","2.829","2.779","-0.07%"
"03/22/2023","2.781","2.830","2.830","2.781","-1.80%"
"03/21/2023","2.832","2.868","3.039","2.832","-0.60%"
"03/20/2023","2.849","2.840","2.849","2.840","0.74%"
"03/17/2023","2.828","2.760","2.828","2.760","2.54%"
"03/16/2023","2.758","2.849","2.849","2.758","-3.26%"
"03/15/2023","2.851","2.859","2.859","2.830","-0.31%"
"03/14/2023","2.860","3.198","3.198","2.860","-9.81%"
"03/13/2023","3.171","3.201","3.201","3.171","-0.31%"
"03/10/2023","3.181","3.138","3.181","3.130","1.27%"
"03/09/2023","3.141","3.078","3.141","3.078","1.95%"
"03/08/2023","3.081","3.032","3.081","3.032","1.65%"
"03/07/2023","3.031","3.088","3.121","3.031","-1.01%"
"03/06/2023","3.062","3.018","3.062","3.018","1.32%"
"03/03/2023","3.022","3.031","3.031","3.022","-0.20%"
"03/02/2023","3.028","3.041","3.041","3.028","-0.39%"
"03/01/2023","3.040","3.019","3.060","3.019","0.70%"
"02/28/2023","3.019","2.990","3.019","2.990","2.69%"
"02/27/2023","2.940","2.901","2.940","2.901","1.34%"
"02/24/2023","2.901","2.889","2.901","2.889","0.35%"
"02/23/2023","2.891","2.849","2.891","2.849","1.40%"
"02/22/2023","2.851","2.851","2.859","2.851","-0.04%"
"02/21/2023","2.852","2.929","2.929","2.852","-0.94%"
"02/20/2023","2.879","2.718","2.879","2.718","5.81%"
"02/17/2023","2.721","2.631","2.721","2.631","3.50%"
"02/16/2023","2.629","2.621","2.629","2.600","0.31%"
"02/15/2023","2.621","2.579","2.629","2.579","1.63%"
"02/14/2023","2.579","2.681","2.689","2.579","-1.98%"
"02/13/2023","2.631","2.609","2.631","2.609","0.84%"
"02/10/2023","2.609","2.579","2.609","2.579","1.16%"
"02/09/2023","2.579","2.592","2.592","2.579","-0.50%"
"02/08/2023","2.592","2.699","2.699","2.579","-4.04%"
"02/07/2023","2.701","2.738","2.738","2.701","0.33%"
"02/06/2023","2.692","2.531","2.692","2.531","6.32%"
"02/03/2023","2.532","2.429","2.532","2.429","4.20%"
"02/02/2023","2.430","2.451","2.451","2.430","-0.74%"
"02/01/2023","2.448","2.349","2.448","2.349","4.26%"
"01/31/2023","2.348","2.348","2.348","2.239","2.62%"
"01/30/2023","2.288","2.301","2.301","2.288","-0.52%"
"01/27/2023","2.300","2.412","2.412","2.300","-4.52%"
"01/26/2023","2.409","2.459","2.509","2.409","-1.77%"
"01/25/2023","2.453","2.452","2.453","2.452","0.02%"
"01/24/2023","2.452","2.452","2.452","2.452","0.00%"
"01/23/2023","2.452","2.452","2.452","2.452","-0.33%"
"01/20/2023","2.460","2.822","2.830","2.460","-11.19%"
"01/19/2023","2.770","2.920","2.920","2.750","-5.17%"
"01/18/2023","2.921","2.978","2.978","2.921","-1.91%"
"01/17/2023","2.978","3.182","3.182","2.978","-4.92%"
"01/16/2023","3.132","3.101","3.140","3.101","1.06%"
"01/13/2023","3.099","3.099","3.099","3.099","0.00%"
"01/12/2023","3.099","3.112","3.112","3.099","-0.35%"
"01/11/2023","3.110","3.159","3.159","3.110","-1.61%"
"01/10/2023","3.161","3.231","3.251","3.161","-0.91%"
"01/09/2023","3.190","3.168","3.190","3.168","0.63%"
"01/06/2023","3.170","3.098","3.170","3.098","2.19%"
"01/05/2023","3.102","2.962","3.102","2.962","4.73%"
"01/04/2023","2.962","3.072","3.072","2.941","-3.52%"
"01/03/2023","3.070","3.050","3.139","3.050","3.56%"
"01/02/2023","2.964","2.964","2.964","2.964","0.08%"
"12/30/2022","2.962","2.779","2.962","2.779","6.59%"
"12/29/2022","2.779","2.708","2.779","2.708","2.51%"
"12/28/2022","2.711","2.641","2.711","2.641","2.85%"
"12/27/2022","2.636","2.636","2.636","2.636","0.00%"
"12/26/2022","2.636","2.636","2.636","2.636","-0.19%"
"12/23/2022","2.641","3.418","3.418","2.641","-21.82%"
"12/22/2022","3.378","3.278","3.378","3.278","3.02%"
"12/21/2022","3.279","3.811","3.811","3.279","-13.94%"
"12/20/2022","3.810","4.338","4.338","3.810","-11.99%"
"12/19/2022","4.329","4.329","4.329","4.329","1.19%"
"12/16/2022","4.278","4.499","4.499","4.278","-4.89%"
"12/15/2022","4.498","4.578","4.578","4.498","-1.81%"
"12/14/2022","4.581","4.731","4.731","4.581","-3.19%"
"12/13/2022","4.732","4.732","4.802","4.732","0.00%"
"12/12/2022","4.732","4.530","4.732","4.530","5.18%"
"12/09/2022","4.499","4.482","4.499","4.482","0.38%"
"12/08/2022","4.482","4.532","4.532","4.482","-0.82%"
"12/07/2022","4.519","5.129","5.129","4.519","-11.93%"
"12/06/2022","5.131","5.011","5.131","5.011","2.44%"
"12/05/2022","5.009","4.859","5.009","4.859","3.73%"
"12/02/2022","4.829","4.851","4.851","4.829","-0.19%"
"12/01/2022","4.838","4.830","4.838","4.809","0.17%"
"11/30/2022","4.830","4.760","4.830","4.751","1.45%"
"11/29/2022","4.761","4.289","4.761","4.289","11.45%"
"11/28/2022","4.272","4.049","4.272","4.049","5.51%"
"11/25/2022","4.049","4.079","4.079","4.049","-0.76%"
"11/24/2022","4.080","4.080","4.080","4.080","0.72%"
"11/23/2022","4.051","3.960","4.051","3.960","2.27%"
"11/22/2022","3.961","3.520","3.961","3.520","14.51%"
"11/21/2022","3.459","3.371","3.459","3.371","3.01%"
"11/18/2022","3.358","3.280","3.358","3.280","2.44%"
"11/17/2022","3.278","3.278","3.312","3.278","-0.03%"
"11/16/2022","3.279","3.250","3.279","3.250","0.86%"
"11/15/2022","3.251","3.170","3.251","3.161","4.84%"
"11/14/2022","3.101","3.101","3.101","3.101","0.75%"
"11/11/2022","3.078","3.052","3.078","3.052","0.95%"
"11/10/2022","3.049","3.041","3.049","3.041","0.30%"
"11/09/2022","3.040","3.040","3.040","3.040","0.03%"
"11/08/2022","3.039","3.161","3.161","3.039","-1.30%"
"11/07/2022","3.079","3.071","3.079","3.071","0.33%"
"11/04/2022","3.069","3.069","3.069","3.069","-0.29%"
"11/03/2022","3.078","3.078","3.078","3.078","-0.77%"
"11/02/2022","3.102","3.110","3.110","3.102","-0.19%"
"11/01/2022","3.108","3.129","3.129","3.108","0.97%"
"10/31/2022","3.078","3.078","3.078","3.078","0.33%"
"10/28/2022","3.068","3.068","3.068","3.060","-0.03%"
"10/27/2022","3.069","3.081","3.081","3.069","-0.36%"
"10/26/2022","3.080","3.121","3.121","3.080","-1.25%"
"10/25/2022","3.119","3.179","3.179","3.119","0.03%"
"10/24/2022","3.118","3.110","3.118","3.110","0.61%"
"10/21/2022","3.099","3.078","3.099","3.078","1.91%"
"10/20/2022","3.041","3.020","3.041","3.020","2.39%"
"10/19/2022","2.970","2.970","2.970","2.970","0.00%"
"10/18/2022","2.970","3.019","3.019","2.970","0.00%"
"10/17/2022","2.970","2.949","2.970","2.949","0.71%"
"10/14/2022","2.949","2.949","2.949","2.949","1.27%"
"10/13/2022","2.912","2.899","2.912","2.899","0.69%"
"10/12/2022","2.892","2.908","2.908","2.892","-0.58%"
"10/11/2022","2.909","2.941","2.978","2.909","0.59%"
"10/10/2022","2.892","2.879","2.892","2.879","0.73%"
"10/07/2022","2.871","2.871","2.871","2.871","0.31%"
"10/06/2022","2.862","2.862","2.862","2.862","0.39%"
"10/05/2022","2.851","2.892","2.892","2.851","-1.33%"
"10/04/2022","2.889","2.889","2.889","2.889","0.05%"
"10/03/2022","2.888","2.880","2.888","2.880","2.41%"
"09/30/2022","2.820","2.820","2.820","2.820","0.00%"
"09/29/2022","2.820","2.820","2.820","2.820","-0.35%"
"09/28/2022","2.830","2.822","2.830","2.822","0.39%"
"09/27/2022","2.819","2.791","2.819","2.770","3.22%"
"09/26/2022","2.731","2.709","2.731","2.709","0.04%"
"09/23/2022","2.730","2.751","2.751","2.730","-0.73%"
"09/22/2022","2.750","2.642","2.750","2.642","4.13%"
"09/21/2022","2.641","2.649","2.649","2.641","-0.30%"
"09/20/2022","2.649","2.649","2.649","2.649","3.40%"
"09/19/2022","2.562","2.540","2.562","2.540","0.87%"
"09/16/2022","2.540","2.532","2.540","2.532","0.40%"
"09/15/2022","2.530","2.521","2.542","2.521","0.32%"
"09/14/2022","2.522","2.460","2.522","2.460","2.44%"
"09/13/2022","2.462","2.441","2.490","2.441","2.93%"
"09/12/2022","2.392","2.392","2.392","2.392","0.00%"
"09/09/2022","2.392","2.392","2.392","2.392","-0.37%"
"09/08/2022","2.401","2.401","2.401","2.401","0.08%"
"09/07/2022","2.399","2.440","2.440","2.399","-1.72%"
"09/06/2022","2.441","2.368","2.441","2.368","5.10%"
"09/05/2022","2.322","2.321","2.322","2.321","-0.32%"
"09/02/2022","2.330","2.330","2.339","2.330","0.00%"
"09/01/2022","2.330","2.339","2.339","2.330","-0.47%"
"08/31/2022","2.341","2.329","2.341","2.329","0.39%"
"08/30/2022","2.332","2.239","2.332","2.239","6.58%"
"08/29/2022","2.188","2.171","2.188","2.171","0.78%"
"08/26/2022","2.171","2.158","2.171","2.158","0.51%"
"08/25/2022","2.160","2.160","2.160","2.160","0.93%"
"08/24/2022","2.140","2.140","2.140","2.140","-0.05%"
"08/23/2022","2.141","2.105","2.141","2.105","4.03%"
"08/22/2022","2.058","2.080","2.080","2.058","-0.53%"
"08/19/2022","2.069","2.081","2.081","2.069","-0.62%"
"08/18/2022","2.082","2.082","2.082","2.082","0.14%"
"08/17/2022","2.079","2.091","2.099","2.079","-0.48%"
"08/16/2022","2.089","1.959","2.089","1.959","9.83%"
"08/15/2022","1.902","1.872","1.902","1.872","2.31%"
"08/12/2022","1.859","1.871","1.871","1.859","-1.06%"
"08/11/2022","1.879","1.858","1.879","1.858","0.91%"
"08/10/2022","1.862","1.891","1.891","1.862","-1.48%"
"08/09/2022","1.890","1.821","1.890","1.821","10.40%"
"08/08/2022","1.712","1.699","1.712","1.699","2.51%"
"08/05/2022","1.670","1.670","1.670","1.662","-0.12%"
"08/04/2022","1.672","1.680","1.680","1.672","-0.59%"
"08/03/2022","1.682","1.649","1.682","1.649","1.88%"
"08/02/2022","1.651","1.631","1.651","1.631","5.23%"
"08/01/2022","1.569","1.569","1.569","1.569","0.64%"
"07/29/2022","1.559","1.551","1.559","1.551","0.45%"
"07/28/2022","1.552","1.602","1.602","1.552","-3.00%"
"07/27/2022","1.600","1.621","1.621","1.600","-1.17%"
"07/26/2022","1.619","1.619","1.651","1.619","3.19%"
"07/25/2022","1.569","1.569","1.569","1.569","5.23%"
"07/22/2022","1.491","1.469","1.491","1.469","1.50%"
"07/21/2022","1.469","1.449","1.469","1.449","1.38%"
"07/20/2022","1.449","1.449","1.449","1.429","0.00%"
"07/19/2022","1.449","1.360","1.449","1.360","10.70%"
"07/18/2022","1.309","1.292","1.309","1.292","2.19%"
"07/15/2022","1.281","1.281","1.281","1.281","0.16%"
"07/14/2022","1.279","1.189","1.279","1.189","7.30%"
"07/13/2022","1.192","1.192","1.192","1.192","0.08%"
"07/12/2022","1.191","1.150","1.199","1.150","8.08%"
"07/11/2022","1.102","1.081","1.102","1.081","6.99%"
"07/08/2022","1.030","1.030","1.030","1.008","-0.19%"
"07/07/2022","1.032","1.131","1.131","1.032","-8.75%"
"07/06/2022","1.131","1.118","1.139","1.118","1.16%"
"07/05/2022","1.118","0.989","1.118","0.989","19.19%"
"07/04/2022","0.938","0.938","0.938","0.938","0.32%"
"07/01/2022","0.935","0.935","0.935","0.935","-2.71%"
"06/30/2022","0.961","1.030","1.030","0.961","-6.61%"
"06/29/2022","1.029","1.041","1.041","1.029","0.78%"
"06/28/2022","1.021","0.929","1.021","0.909","18.72%"
"06/27/2022","0.860","0.860","0.860","0.852","0.12%"
"06/24/2022","0.859","0.842","0.859","0.842","2.51%"
"06/23/2022","0.838","0.731","0.838","0.731","14.64%"
"06/22/2022","0.731","0.471","0.731","0.471","55.53%"
"06/21/2022","0.470","0.430","0.470","0.430","27.03%"
"06/20/2022","0.370","0.361","0.370","0.361","2.49%"
"06/17/2022","0.361","0.348","0.361","0.348","3.44%"
"06/16/2022","0.349","0.349","0.349","0.349","0.00%"
"06/15/2022","0.349","0.329","0.349","0.329","6.08%"
"06/14/2022","0.329","0.381","0.389","0.329","3.46%"
"06/13/2022","0.318","0.301","0.318","0.301","5.30%"
"06/10/2022","0.302","0.280","0.302","0.280","8.24%"
"06/09/2022","0.279","0.279","0.279","0.279","-0.36%"
"06/08/2022","0.280","0.280","0.280","0.280","-0.36%"
"06/07/2022","0.281","0.329","0.329","0.281","-2.43%"
"06/06/2022","0.288","0.288","0.288","0.288","11.20%"
"06/03/2022","0.259","0.259","0.259","0.259","-10.38%"
"06/02/2022","0.289","0.280","0.289","0.280","3.21%"
"06/01/2022","0.280","0.280","0.280","0.280","-0.36%"
"05/31/2022","0.281","0.329","0.329","0.281","-2.43%"
"05/30/2022","0.288","0.279","0.288","0.279","2.86%"
"05/27/2022","0.280","0.280","0.280","0.280","0.36%"
"05/26/2022","0.279","0.279","0.279","0.279","-0.36%"
"05/25/2022","0.280","0.308","0.308","0.280","-9.39%"
"05/24/2022","0.309","0.381","0.381","0.309","-9.12%"
"05/23/2022","0.340","0.340","0.340","0.340","2.72%"
"05/20/2022","0.331","0.331","0.331","0.331","0.91%"
"05/19/2022","0.328","0.341","0.341","0.328","-3.81%"
"05/18/2022","0.341","0.341","0.341","0.329","0.00%"
"05/17/2022","0.341","0.389","0.389","0.341","-5.54%"
"05/16/2022","0.361","0.318","0.361","0.318","13.17%"
"05/13/2022","0.319","0.272","0.319","0.272","17.71%"
"05/12/2022","0.271","0.259","0.271","0.259","13.39%"
"05/11/2022","0.239","0.231","0.239","0.231","4.37%"
"05/10/2022","0.229","0.261","0.269","0.229","13.09%"
"05/09/2022","0.203","0.202","0.203","0.202","-12.72%"
"05/06/2022","0.232","0.211","0.232","0.211","11.00%"
"05/05/2022","0.209","0.209","0.209","0.209","-0.95%"
"05/04/2022","0.211","0.211","0.211","0.211","0.96%"
"05/03/2022","0.209","0.241","0.249","0.209","15.79%"
"05/02/2022","0.181","0.181","0.181","0.181","-14.45%"
"04/29/2022","0.211","0.202","0.211","0.202","4.98%"
"04/28/2022","0.201","0.222","0.222","0.201","-8.22%"
"04/27/2022","0.219","0.231","0.231","0.219","-4.37%"
"04/26/2022","0.229","0.249","0.249","0.229","4.57%"
"04/25/2022","0.219","0.219","0.219","0.219","-0.90%"
"04/22/2022","0.221","0.200","0.221","0.200","9.95%"
"04/21/2022","0.201","0.201","0.201","0.201","1.01%"
"04/20/2022","0.199","0.199","0.199","0.199","-1.00%"
"04/19/2022","0.201","0.209","0.209","0.201","31.80%"
"04/18/2022","0.153","0.150","0.153","0.150","1.33%"
"04/15/2022","0.150","0.150","0.150","0.150","-16.39%"
"04/14/2022","0.180","0.180","0.180","0.180","1.12%"
"04/13/2022","0.178","0.199","0.199","0.170","-11.44%"
"04/12/2022","0.201","0.241","0.241","0.201","11.36%"
"04/11/2022","0.181","0.181","0.181","0.181","-13.22%"
"04/08/2022","0.208","0.208","0.208","0.208","3.48%"
"04/07/2022","0.201","0.209","0.209","0.201","-4.74%"
"04/06/2022","0.211","0.211","0.211","0.211","18.21%"
"04/05/2022","0.178","0.178","0.178","0.178","-14.59%"
"04/04/2022","0.209","0.221","0.221","0.209","9.42%"
"04/01/2022","0.191","0.089","0.200","0.089","112.22%"
"03/31/2022","0.090","0.131","0.131","0.090","-52.88%"
"03/30/2022","0.191","0.231","0.231","0.191","-16.59%"
"03/29/2022","0.229","0.249","0.249","0.229","-4.98%"
"03/28/2022","0.241","0.211","0.241","0.211","15.87%"
"03/25/2022","0.208","0.221","0.221","0.208","-6.31%"
"03/24/2022","0.222","0.222","0.222","0.222","1.37%"
"03/23/2022","0.219","0.252","0.252","0.219","-12.05%"
"03/22/2022","0.249","0.281","0.281","0.249","3.32%"
"03/21/2022","0.241","0.241","0.241","0.241","-0.41%"
"03/18/2022","0.242","0.229","0.242","0.229","5.22%"
"03/17/2022","0.230","0.222","0.230","0.222","5.02%"
"03/16/2022","0.219","0.231","0.231","0.219","-4.37%"
"03/15/2022","0.229","0.229","0.241","0.229","4.57%"
"03/14/2022","0.219","0.219","0.219","0.219","5.29%"
"03/11/2022","0.208","0.208","0.208","0.208","-0.48%"
"03/10/2022","0.209","0.209","0.209","0.209","-0.95%"
"03/09/2022","0.211","0.199","0.211","0.199","4.98%"
"03/08/2022","0.201","0.209","0.209","0.201","-0.50%"
"03/07/2022","0.202","0.202","0.202","0.202","1.00%"
"03/04/2022","0.200","0.200","0.200","0.200","-0.50%"
"03/03/2022","0.201","0.201","0.201","0.201","1.01%"
"03/02/2022","0.199","0.209","0.209","0.199","-1.00%"
"03/01/2022","0.201","0.209","0.209","0.201","-0.50%"
"02/28/2022","0.202","0.189","0.202","0.189","5.76%"
"02/25/2022","0.191","0.191","0.191","0.191","1.06%"
"02/24/2022","0.189","0.189","0.189","0.189","-1.05%"
"02/23/2022","0.191","0.191","0.191","0.191","1.06%"
"02/22/2022","0.189","0.209","0.209","0.189","-6.44%"
"02/21/2022","0.202","0.202","0.202","0.202","1.00%"
"02/18/2022","0.200","0.200","0.200","0.200","-0.50%"
"02/17/2022","0.201","0.201","0.201","0.201","1.01%"
"02/16/2022","0.199","0.199","0.199","0.199","-1.00%"
"02/15/2022","0.201","0.221","0.221","0.201","-4.74%"
"02/14/2022","0.211","0.211","0.211","0.202","1.44%"
"02/11/2022","0.208","0.191","0.208","0.191","10.05%"
"02/10/2022","0.189","0.181","0.189","0.181","6.18%"
"02/09/2022","0.178","0.150","0.178","0.150","20.27%"
"02/08/2022","0.148","0.161","0.161","0.148","-1.33%"
"02/07/2022","0.150","0.159","0.159","0.150","-6.83%"
"02/04/2022","0.161","0.200","0.200","0.161","-5.29%"
"02/03/2022","0.170","0.170","0.170","0.170","0.00%"
"02/02/2022","0.170","0.170","0.170","0.170","0.00%"
"02/01/2022","0.170","0.170","0.170","0.170","-15.17%"
"01/31/2022","0.201","0.201","0.201","0.201","5.24%"
"01/28/2022","0.191","0.170","0.191","0.170","13.69%"
"01/27/2022","0.168","0.152","0.168","0.152","12.00%"
"01/26/2022","0.150","0.150","0.150","0.142","1.35%"
"01/25/2022","0.148","0.153","0.153","0.140","-1.33%"
"01/24/2022","0.150","0.142","0.150","0.129","7.14%"
"01/21/2022","0.140","0.132","0.140","0.132","6.87%"
"01/20/2022","0.131","0.131","0.131","0.131","0.77%"
"01/19/2022","0.130","0.142","0.142","0.130","-7.14%"
"01/18/2022","0.140","0.181","0.181","0.140","-22.22%"
"01/17/2022","0.180","0.180","0.180","0.172","1.12%"
"01/14/2022","0.178","0.161","0.178","0.161","11.25%"
"01/13/2022","0.160","0.160","0.160","0.160","1.27%"
"01/12/2022","0.158","0.158","0.170","0.158","-1.86%"
"01/11/2022","0.161","0.169","0.169","0.161","1.26%"
"01/10/2022","0.159","0.159","0.159","0.159","-1.24%"
"01/07/2022","0.161","0.161","0.161","0.161","0.63%"
"01/06/2022","0.160","0.160","0.160","0.152","1.27%"
"01/05/2022","0.158","0.170","0.170","0.158","-6.51%"
"01/04/2022","0.169","0.181","0.181","0.169","-6.11%"
"01/03/2022","0.180","0.180","0.180","0.180","21.21%"
"12/31/2021","0.148","0.148","0.148","0.148","-17.96%"
"12/30/2021","0.181","0.209","0.209","0.181","-14.22%"
"12/29/2021","0.211","0.211","0.211","0.211","0.96%"
"12/28/2021","0.209","0.201","0.209","0.201","21.51%"
"12/27/2021","0.172","0.172","0.172","0.172","-14.85%"
"12/24/2021","0.202","0.202","0.202","0.202","0.50%"
"12/23/2021","0.201","0.209","0.209","0.201","-4.74%"
"12/22/2021","0.211","0.211","0.211","0.211","0.96%"
"12/21/2021","0.209","0.209","0.209","0.209","-0.95%"
"12/20/2021","0.211","0.211","0.211","0.211","5.50%"
"12/17/2021","0.200","0.208","0.208","0.200","-4.31%"
"12/16/2021","0.209","0.209","0.209","0.209","-0.95%"
"12/15/2021","0.211","0.199","0.211","0.199","4.98%"
"12/14/2021","0.201","0.181","0.201","0.181","11.67%"
"12/13/2021","0.180","0.159","0.180","0.159","11.80%"
"12/10/2021","0.161","0.178","0.178","0.161","-11.05%"
"12/09/2021","0.181","0.181","0.181","0.181","1.69%"
"12/08/2021","0.178","0.191","0.191","0.178","-5.82%"
"12/07/2021","0.189","0.169","0.189","0.169","9.88%"
"12/06/2021","0.172","0.172","0.172","0.172","15.44%"
"12/03/2021","0.149","0.140","0.149","0.140","6.43%"
"12/02/2021","0.140","0.152","0.152","0.140","-6.67%"
"12/01/2021","0.150","0.130","0.150","0.130","17.19%"
"11/30/2021","0.128","0.128","0.128","0.128","-0.78%"
"11/29/2021","0.129","0.129","0.129","0.129","-2.27%"
"11/26/2021","0.132","0.132","0.132","0.132","0.76%"
"11/25/2021","0.131","0.119","0.131","0.119","7.38%"
"11/24/2021","0.122","0.122","0.122","0.122","1.67%"
"11/23/2021","0.120","0.108","0.128","0.108","7.14%"
"11/22/2021","0.112","0.099","0.112","0.099","9.80%"
"11/19/2021","0.102","0.110","0.110","0.102","-8.11%"
"11/18/2021","0.111","0.111","0.111","0.111","1.83%"
"11/17/2021","0.109","0.101","0.109","0.101","9.00%"
"11/16/2021","0.100","0.088","0.100","0.088","11.11%"
"11/15/2021","0.090","0.082","0.090","0.082","11.11%"
"11/12/2021","0.081","0.081","0.081","0.068","-1.22%"
"11/11/2021","0.082","0.070","0.082","0.070","18.84%"
"11/10/2021","0.069","0.061","0.069","0.061","15.00%"
"11/09/2021","0.060","0.048","0.060","0.048","20.00%"
"11/08/2021","0.050","0.050","0.050","0.042","0.00%"
"11/05/2021","0.050","0.050","0.050","0.050","4.17%"
"11/04/2021","0.048","0.048","0.048","0.048","-7.69%"
"11/03/2021","0.052","0.052","0.052","0.052","1.96%"
"11/02/2021","0.051","0.051","0.051","0.051","-1.92%"
"11/01/2021","0.052","0.052","0.052","0.052","1.96%"
"10/29/2021","0.051","0.051","0.051","0.051","4.08%"
"10/28/2021","0.049","0.049","0.049","0.041","0.00%"
"10/27/2021","0.049","0.049","0.049","0.049","2.08%"
"10/26/2021","0.048","0.048","0.048","0.048","-7.69%"
"10/25/2021","0.052","0.039","0.052","0.039","36.84%"
"10/22/2021","0.038","0.038","0.038","0.038","-7.32%"
"10/21/2021","0.041","0.041","0.041","0.041","0.00%"
"10/20/2021","0.041","0.041","0.041","0.041","2.50%"
"10/19/2021","0.040","0.040","0.040","0.032","2.56%"
"10/18/2021","0.039","0.039","0.039","0.039","30.00%"
"10/15/2021","0.030","0.038","0.038","0.030","130.77%"
"10/14/2021","0.013","0.010","0.013","0.010","-68.29%"
"10/13/2021","0.041","0.041","0.041","0.041","2.50%"
"10/12/2021","0.040","0.028","0.040","0.028","33.33%"
"10/11/2021","0.030","0.030","0.030","0.030","0.00%"
"10/08/2021","0.030","0.030","0.030","0.030","3.45%"
"10/07/2021","0.029","0.029","0.029","0.029","3.57%"
"10/06/2021","0.028","0.041","0.041","0.028","-30.00%"
"10/05/2021","0.040","0.028","0.040","0.028","33.33%"
"10/04/2021","0.030","0.030","0.030","0.030","0.00%"
"09/30/2021","0.030","0.030","0.030","0.030","7.14%"
"09/29/2021","0.028","0.028","0.028","0.028","0.00%"
"09/28/2021","0.028","0.032","0.032","0.020","-28.21%"
"09/27/2021","0.039","0.039","0.039","0.039","2.63%"
"09/24/2021","0.038","0.038","0.038","0.038","-7.32%"
"09/23/2021","0.041","0.041","0.041","0.029","310.00%"
"09/22/2021","0.010","0.010","0.010","0.010","-75.61%"
"09/21/2021","0.041","0.041","0.041","0.041","5.13%"
"09/20/2021","0.039","0.039","0.039","0.039","30.00%"
"09/17/2021","0.030","0.030","0.030","0.030","3.45%"
"09/16/2021","0.029","0.041","0.041","0.029","-29.27%"
"09/15/2021","0.041","0.041","0.041","0.041","2.50%"
"09/14/2021","0.040","0.040","0.040","0.040","2.56%"
"09/13/2021","0.039","0.039","0.039","0.039","2.63%"
"09/10/2021","0.038","0.038","0.038","0.038","-7.32%"
"09/09/2021","0.041","0.029","0.041","0.029","46.43%"
"09/08/2021","0.028","0.028","0.028","0.028","-6.67%"
"09/07/2021","0.030","0.030","0.030","0.030","0.00%"
"09/06/2021","0.030","0.030","0.030","0.030","0.00%"
"09/03/2021","0.030","0.030","0.030","0.030","3.45%"
"09/02/2021","0.029","0.029","0.029","0.029","3.57%"
"09/01/2021","0.028","0.028","0.028","0.028","0.00%"
"08/31/2021","0.028","0.040","0.040","0.028","-28.21%"
"08/30/2021","0.039","0.039","0.039","0.039","2.63%"
"08/27/2021","0.038","0.038","0.038","0.038","-7.32%"
"08/26/2021","0.041","0.041","0.041","0.041","0.00%"
"08/25/2021","0.041","0.041","0.041","0.041","2.50%"
"08/24/2021","0.040","0.040","0.040","0.040","2.56%"
"08/23/2021","0.039","0.039","0.039","0.039","2.63%"
"08/20/2021","0.038","0.038","0.038","0.038","-7.32%"
"08/19/2021","0.041","0.041","0.041","0.041","0.00%"
"08/18/2021","0.041","0.028","0.041","0.028","46.43%"
"08/17/2021","0.028","0.040","0.040","0.028","-28.21%"
"08/16/2021","0.039","0.030","0.039","0.030","30.00%"
"08/13/2021","0.030","0.030","0.038","0.030","3.45%"
"08/12/2021","0.029","0.041","0.041","0.029","-29.27%"
"08/11/2021","0.041","0.028","0.041","0.028","46.43%"
"08/10/2021","0.028","0.028","0.028","0.028","-6.67%"
"08/09/2021","0.030","0.030","0.030","0.030","0.00%"
"08/06/2021","0.030","0.030","0.030","0.030","3.45%"
"08/05/2021","0.029","0.029","0.029","0.029","3.57%"
"08/04/2021","0.028","0.028","0.028","0.028","0.00%"
"08/03/2021","0.028","0.028","0.028","0.028","-6.67%"
"08/02/2021","0.030","0.030","0.030","0.030","0.00%"
"07/30/2021","0.030","0.030","0.030","0.030","3.45%"
"07/29/2021","0.029","0.029","0.029","0.029","3.57%"
"07/28/2021","0.028","0.028","0.028","0.028","0.00%"
"07/27/2021","0.028","0.028","0.028","0.028","-6.67%"
"07/26/2021","0.030","0.030","0.030","0.030","0.00%"
"07/23/2021","0.030","0.030","0.038","0.030","3.45%"
"07/22/2021","0.029","0.029","0.029","0.029","3.57%"
"07/21/2021","0.028","0.028","0.028","0.028","0.00%"
"07/20/2021","0.028","0.028","0.028","0.028","-6.67%"
"07/19/2021","0.030","0.030","0.030","0.030","0.00%"
"07/16/2021","0.030","0.030","0.030","0.030","3.45%"
"07/15/2021","0.029","0.029","0.029","0.029","3.57%"
"07/14/2021","0.028","0.028","0.028","0.020","0.00%"
"07/13/2021","0.028","0.040","0.040","0.028","-28.21%"
"07/12/2021","0.039","0.039","0.039","0.039","2.63%"
"07/09/2021","0.038","0.038","0.038","0.038","-7.32%"
"07/08/2021","0.041","0.041","0.041","0.041","0.00%"
"07/07/2021","0.041","0.041","0.041","0.041","2.50%"
"07/06/2021","0.040","0.100","0.100","0.040","2.56%"
"07/05/2021","0.039","0.039","0.039","0.039","2.63%"
"07/02/2021","0.038","0.038","0.038","0.038","192.31%"
"07/01/2021","0.013","0.010","0.013","0.010","-68.29%"
"06/30/2021","0.041","0.041","0.041","0.041","2.50%"
"06/29/2021","0.040","0.028","0.040","0.028","33.33%"
"06/28/2021","0.030","0.038","0.038","0.030","-28.57%"
"06/25/2021","0.042","0.042","0.042","0.042","2.44%"
"06/24/2021","0.041","0.041","0.041","0.041","2.50%"
"06/23/2021","0.040","0.040","0.040","0.040","0.00%"
"06/22/2021","0.040","0.040","0.040","0.040","2.56%"
"06/21/2021","0.039","0.039","0.039","0.039","2.63%"
"06/18/2021","0.038","0.038","0.038","0.038","-7.32%"
"06/17/2021","0.041","0.041","0.041","0.041","0.00%"
"06/16/2021","0.041","0.041","0.041","0.041","2.50%"
"06/15/2021","0.040","0.040","0.040","0.040","370.59%"
"06/14/2021","0.009","0.009","0.009","0.009","-78.21%"
"06/11/2021","0.039","0.039","0.052","0.039","-4.88%"
"06/10/2021","0.041","0.041","0.041","0.041","0.00%"
"06/09/2021","0.041","0.041","0.041","0.041","5.13%"
"06/08/2021","0.039","0.052","0.052","0.039","-25.00%"
"06/07/2021","0.052","0.052","0.052","0.052","1.96%"
"06/04/2021","0.051","0.051","0.051","0.051","4.08%"
"06/03/2021","0.049","0.049","0.049","0.049","0.00%"
"06/02/2021","0.049","0.041","0.049","0.041","22.50%"
"06/01/2021","0.040","0.048","0.048","0.040","-23.08%"
"05/31/2021","0.052","0.052","0.052","0.052","1.96%"
"05/28/2021","0.051","0.051","0.051","0.051","4.08%"
"05/27/2021","0.049","0.049","0.049","0.049","0.00%"
"05/26/2021","0.049","0.049","0.049","0.049","2.08%"
"05/25/2021","0.048","0.048","0.048","0.048","-7.69%"
"05/24/2021","0.052","0.052","0.052","0.052","1.96%"
"05/21/2021","0.051","0.051","0.051","0.051","4.08%"
"05/20/2021","0.049","0.049","0.049","0.049","164.86%"
"05/19/2021","0.019","0.019","0.019","0.019","-54.88%"
"05/18/2021","0.041","0.049","0.049","0.041","-21.15%"
"05/17/2021","0.052","0.052","0.052","0.052","1.96%"
"05/14/2021","0.051","0.051","0.051","0.051","4.08%"
"05/13/2021","0.049","0.049","0.049","0.049","0.00%"
"05/12/2021","0.049","0.049","0.049","0.049","2.08%"
"05/11/2021","0.048","0.060","0.060","0.048","-20.00%"
"05/10/2021","0.060","0.069","0.069","0.060","-11.76%"
"05/07/2021","0.068","0.051","0.068","0.051","38.78%"
"05/06/2021","0.049","0.041","0.049","0.041","19.51%"
"05/05/2021","0.041","0.041","0.049","0.041","2.50%"
"05/04/2021","0.040","0.048","0.048","0.040","-23.08%"
"05/03/2021","0.052","0.039","0.052","0.039","36.84%"
"04/30/2021","0.038","0.051","0.051","0.038","-22.45%"
"04/29/2021","0.049","0.049","0.049","0.049","0.00%"
"04/28/2021","0.049","0.049","0.049","0.049","2.08%"
"04/27/2021","0.048","0.048","0.048","0.048","-7.69%"
"04/26/2021","0.052","0.052","0.052","0.052","1.96%"
"04/23/2021","0.051","0.051","0.051","0.051","4.08%"
"04/22/2021","0.049","0.049","0.049","0.049","0.00%"
"04/21/2021","0.049","0.061","0.061","0.049","-18.33%"
"04/20/2021","0.060","0.048","0.060","0.048","15.38%"
"04/19/2021","0.052","0.052","0.052","0.052","1.96%"
"04/16/2021","0.051","0.051","0.051","0.051","4.08%"
"04/15/2021","0.049","0.049","0.049","0.049","0.00%"
"04/14/2021","0.049","0.061","0.061","0.049","-18.33%"
"04/13/2021","0.060","0.060","0.060","0.060","0.00%"
"04/12/2021","0.060","0.060","0.060","0.060","1.69%"
"04/09/2021","0.059","0.059","0.059","0.059","-4.84%"
"04/08/2021","0.062","0.062","0.062","0.062","1.64%"
"04/07/2021","0.061","0.049","0.061","0.049","229.73%"
"04/06/2021","0.019","0.018","0.019","0.018","2.78%"
"04/05/2021","0.018","0.018","0.018","0.018","0.00%"
"04/02/2021","0.018","0.018","0.018","0.018","-62.50%"
"04/01/2021","0.048","0.048","0.048","0.048","-2.04%"
"03/31/2021","0.049","0.049","0.049","0.049","2.08%"
"03/30/2021","0.048","0.048","0.048","0.048","-7.69%"
"03/29/2021","0.052","0.052","0.052","0.052","1.96%"
"03/26/2021","0.051","0.051","0.051","0.051","4.08%"
"03/25/2021","0.049","0.049","0.049","0.049","0.00%"
"03/24/2021","0.049","0.061","0.061","0.049","-18.33%"
"03/23/2021","0.060","0.032","0.060","0.032","0.00%"
"03/22/2021","0.060","0.060","0.060","0.060","1.69%"
"03/19/2021","0.059","0.059","0.059","0.059","-4.84%"
"03/18/2021","0.062","0.062","0.062","0.062","1.64%"
"03/17/2021","0.061","0.061","0.061","0.061","1.67%"
"03/16/2021","0.060","0.060","0.068","0.060","0.00%"
"03/15/2021","0.060","0.069","0.069","0.060","-11.76%"
"03/12/2021","0.068","0.068","0.068","0.068","-2.86%"
"03/11/2021","0.070","0.070","0.070","0.070","1.45%"
"03/10/2021","0.069","0.069","0.069","0.069","1.47%"
"03/09/2021","0.068","0.060","0.068","0.060","13.33%"
"03/08/2021","0.060","0.060","0.069","0.060","1.69%"
"03/05/2021","0.059","0.059","0.059","0.059","-4.84%"
"03/04/2021","0.062","0.062","0.062","0.062","1.64%"
"03/03/2021","0.061","0.069","0.069","0.061","-10.29%"
"03/02/2021","0.068","0.068","0.068","0.068","-1.45%"
"03/01/2021","0.069","0.060","0.069","0.060","16.95%"
"02/26/2021","0.059","0.068","0.068","0.059","-15.71%"
"02/25/2021","0.070","0.070","0.070","0.070","1.45%"
"02/24/2021","0.069","0.081","0.081","0.069","-13.75%"
"02/23/2021","0.080","0.028","0.088","0.028","-10.11%"
"02/22/2021","0.089","0.081","0.089","0.081","11.25%"
"02/19/2021","0.080","0.080","0.080","0.080","-1.23%"
"02/18/2021","0.081","0.089","0.089","0.081","-7.95%"
"02/17/2021","0.088","0.080","0.088","0.080","11.39%"
"02/16/2021","0.079","0.079","0.079","0.079","50.48%"
"02/15/2021","0.052","0.052","0.052","0.052","0.00%"
"02/12/2021","0.052","0.052","0.052","0.052","-36.59%"
"02/11/2021","0.082","0.090","0.090","0.082","-7.87%"
"02/10/2021","0.089","0.089","0.089","0.089","1.14%"
"02/09/2021","0.088","0.100","0.100","0.088","-11.11%"
"02/08/2021","0.099","0.090","0.099","0.090","11.24%"
"02/05/2021","0.089","0.089","0.089","0.089","-9.18%"
"02/04/2021","0.098","0.098","0.098","0.090","-2.97%"
"02/03/2021","0.101","0.089","0.101","0.089","14.77%"
"02/02/2021","0.088","0.088","0.088","0.088","-2.22%"
"02/01/2021","0.090","0.082","0.090","0.082","11.11%"
"01/29/2021","0.081","0.081","0.102","0.081","-1.22%"
"01/28/2021","0.082","0.082","0.082","0.082","1.23%"
"01/27/2021","0.081","0.069","0.081","0.069","19.12%"
"01/26/2021","0.068","0.080","0.080","0.068","-17.07%"
"01/25/2021","0.082","0.082","0.082","0.082","1.23%"
"01/22/2021","0.081","0.081","0.081","0.081","-1.22%"
"01/21/2021","0.082","0.082","0.082","0.082","1.23%"
"01/20/2021","0.081","0.081","0.081","0.081","1.25%"
"01/19/2021","0.080","0.080","0.080","0.080","-2.44%"
"01/18/2021","0.082","0.082","0.082","0.082","1.23%"
"01/15/2021","0.081","0.081","0.081","0.081","-1.22%"
"01/14/2021","0.082","0.090","0.090","0.082","-7.87%"
"01/13/2021","0.089","0.081","0.089","0.081","11.25%"
"01/12/2021","0.080","0.068","0.080","0.068","15.94%"
"01/11/2021","0.069","0.069","0.069","0.069","1.47%"
"01/08/2021","0.068","0.068","0.068","0.068","9.68%"
"01/07/2021","0.062","0.062","0.062","0.062","1.64%"
"01/06/2021","0.061","0.061","0.061","0.061","1.67%"
"01/05/2021","0.060","0.048","0.060","0.048","15.38%"
"01/04/2021","0.052","0.082","0.082","0.052","-35.80%"
"12/31/2020","0.081","0.081","0.081","0.081","0.00%"
"12/30/2020","0.081","0.069","0.081","0.069","19.12%"
"12/29/2020","0.068","0.048","0.068","0.048","30.77%"
"12/28/2020","0.052","0.052","0.052","0.052","1.96%"
"12/24/2020","0.051","0.051","0.051","0.051","4.08%"
"12/23/2020","0.049","0.041","0.049","0.041","22.50%"
"12/22/2020","0.040","0.028","0.040","0.028","33.33%"
"12/21/2020","0.030","0.030","0.030","0.030","0.00%"
"12/18/2020","0.030","0.030","0.030","0.030","3.45%"
"12/17/2020","0.029","0.029","0.029","0.029","3.57%"
"12/16/2020","0.028","0.041","0.041","0.028","-30.00%"
"12/15/2020","0.040","0.040","0.040","0.040","2.56%"
"12/14/2020","0.039","0.039","0.039","0.039","2.63%"
"12/11/2020","0.038","0.038","0.038","0.038","-7.32%"
"12/10/2020","0.041","0.049","0.049","0.041","-16.33%"
"12/09/2020","0.049","0.041","0.049","0.041","22.50%"
"12/08/2020","0.040","0.032","0.040","0.032","2.56%"
"12/07/2020","0.039","0.039","0.039","0.039","2.63%"
"12/04/2020","0.038","0.038","0.038","0.038","-7.32%"
"12/03/2020","0.041","0.041","0.041","0.041","0.00%"
"12/02/2020","0.041","0.049","0.049","0.041","-14.58%"
"12/01/2020","0.048","0.048","0.048","0.048","-7.69%"
"11/30/2020","0.052","0.052","0.052","0.052","1.96%"
"11/27/2020","0.051","0.038","0.051","0.038","24.39%"
"11/26/2020","0.041","0.041","0.041","0.041","0.00%"
"11/25/2020","0.041","0.041","0.041","0.041","2.50%"
"11/24/2020","0.040","0.040","0.048","0.040","2.56%"
"11/23/2020","0.039","0.052","0.052","0.039","-23.53%"
"11/20/2020","0.051","0.051","0.059","0.051","4.08%"
"11/19/2020","0.049","0.049","0.062","0.049","0.00%"
"11/18/2020","0.049","0.049","0.049","0.049","2.08%"
"11/17/2020","0.048","0.048","0.048","0.048","-7.69%"
"11/16/2020","0.052","0.052","0.052","0.052","1.96%"
"11/13/2020","0.051","0.038","0.051","0.038","24.39%"
"11/12/2020","0.041","0.041","0.041","0.041","0.00%"
"11/11/2020","0.041","0.028","0.041","0.028","46.43%"
"11/10/2020","0.028","0.040","0.040","0.028","-354.55%"
"11/09/2020","-0.011","-0.011","-0.011","-0.011","-15.38%"
"11/06/2020","-0.013","-0.013","-0.013","-0.013","-131.71%"
"11/05/2020","0.041","0.049","0.049","0.041","-16.33%"
"11/04/2020","0.049","0.049","0.049","0.049","2.08%"
"11/03/2020","0.048","0.068","0.068","0.048","-30.43%"
"11/02/2020","0.069","0.069","-0.031","0.069","-14.81%"
"10/30/2020","0.081","0.068","0.081","0.068","15.71%"
"10/29/2020","0.070","0.082","0.082","0.070","-13.58%"
"10/28/2020","0.081","0.081","0.081","0.081","1.25%"
"10/27/2020","0.080","0.080","0.080","0.080","142.42%"
"10/26/2020","0.033","0.032","0.033","0.032","-59.76%"
"10/23/2020","0.082","0.082","0.082","0.082","0.00%"
"10/22/2020","0.082","0.082","0.082","0.082","1.23%"
"10/21/2020","0.081","0.069","0.081","0.069","19.12%"
"10/20/2020","0.068","0.068","0.068","0.068","-1.45%"
"10/19/2020","0.069","0.069","0.069","0.069","1.47%"
"10/16/2020","0.068","0.068","0.068","0.068","-2.86%"
"10/15/2020","0.070","0.070","0.070","0.070","1.45%"
"10/14/2020","0.069","0.069","0.069","0.069","0.00%"
"10/13/2020","0.069","0.069","0.069","0.069","0.00%"
"10/12/2020","0.069","0.069","0.069","0.069","16.95%"
"10/09/2020","0.059","0.059","0.059","0.059","461.90%"
"10/08/2020","0.010","0.013","0.013","0.010","-82.79%"
"10/07/2020","0.061","0.041","0.061","0.041","52.50%"
"10/06/2020","0.040","0.020","0.040","0.020","81.82%"
"10/05/2020","0.022","0.022","0.030","0.022","-173.33%"
"10/02/2020","-0.030","-0.030","-0.030","-0.030","0.00%"
"10/01/2020","-0.030","-0.030","-0.030","-0.030","-242.86%"
"09/30/2020","0.021","0.051","0.051","0.021","-56.25%"
"09/29/2020","0.048","0.048","0.048","0.048","-7.69%"
"09/28/2020","0.052","0.052","0.052","0.052","1.96%"
"09/25/2020","0.051","0.059","0.059","0.051","-17.74%"
"09/24/2020","0.062","0.062","0.062","0.062","1.64%"
"09/23/2020","0.061","0.061","0.061","0.061","0.00%"
"09/22/2020","0.061","0.061","0.061","0.061","1.67%"
"09/21/2020","0.060","0.060","0.060","0.060","1.69%"
"09/18/2020","0.059","0.051","0.059","0.051","20.41%"
"09/17/2020","0.049","0.049","0.049","0.049","0.00%"
"09/16/2020","0.049","0.049","0.049","0.049","2.08%"
"09/15/2020","0.048","0.048","0.048","0.048","-7.69%"
"09/14/2020","0.052","0.052","0.052","0.052","1.96%"
"09/11/2020","0.051","0.038","0.051","0.030","24.39%"
"09/10/2020","0.041","0.070","0.070","0.041","-40.58%"
"09/09/2020","0.069","0.089","0.089","0.069","-21.59%"
"09/08/2020","0.088","0.108","0.108","0.088","-21.43%"
"09/07/2020","0.112","0.112","0.112","0.112","1.82%"
"09/04/2020","0.110","0.102","0.110","0.102","12.24%"
"09/03/2020","0.098","0.098","0.098","0.098","-2.97%"
"09/02/2020","0.101","0.122","0.122","0.101","-15.83%"
"09/01/2020","0.120","0.108","0.120","0.108","7.14%"
"08/31/2020","0.112","0.112","0.112","0.112","1.82%"
"08/28/2020","0.110","0.102","0.119","0.102","12.24%"
"08/27/2020","0.098","0.098","0.098","0.098","-2.97%"
"08/26/2020","0.101","0.101","0.101","0.101","1.00%"
"08/25/2020","0.100","0.100","0.100","0.100","1.01%"
"08/24/2020","0.099","0.099","0.099","0.099","-2.94%"
"08/21/2020","0.102","0.110","0.110","0.102","-8.11%"
"08/20/2020","0.111","0.111","0.111","0.111","0.91%"
"08/19/2020","0.110","0.110","0.110","0.110","1.85%"
"08/18/2020","0.108","0.108","0.108","0.108","-3.57%"
"08/17/2020","0.112","0.120","0.120","0.112","-5.88%"
"08/14/2020","0.119","0.119","0.119","0.119","0.00%"
"08/13/2020","0.119","0.098","0.119","0.098","17.82%"
"08/12/2020","0.101","0.110","0.110","0.101","-6.48%"
"08/11/2020","0.108","0.108","0.120","0.108","-3.57%"
"08/10/2020","0.112","0.099","0.112","0.099","9.80%"
"08/07/2020","0.102","0.102","0.110","0.102","4.08%"
"08/06/2020","0.098","0.098","0.111","0.098","-2.97%"
"08/05/2020","0.101","0.101","0.101","0.101","1.00%"
"08/04/2020","0.100","0.109","0.122","0.100","-10.71%"
"08/03/2020","0.112","0.112","0.112","0.112","1.82%"
"07/31/2020","0.110","0.102","0.110","0.102","12.24%"
"07/30/2020","0.098","0.098","0.098","0.098","-2.97%"
"07/29/2020","0.101","0.101","0.101","0.101","1.00%"
"07/28/2020","0.100","0.122","0.130","0.100","-16.67%"
"07/27/2020","0.120","0.120","0.120","0.120","0.84%"
"07/24/2020","0.119","0.119","0.119","0.119","0.00%"
"07/23/2020","0.119","0.111","0.119","0.111","17.82%"
"07/22/2020","0.101","0.110","0.110","0.101","-6.48%"
"07/21/2020","0.108","0.088","0.108","0.088","20.00%"
"07/20/2020","0.090","0.099","0.099","0.090","-17.43%"
"07/14/2020","0.109","0.191","0.191","0.109","-42.33%"
"07/13/2020","0.189","0.172","0.189","0.172","11.18%"
"07/10/2020","0.170","0.178","0.178","0.170","-6.08%"
"07/09/2020","0.181","0.181","0.181","0.181","1.12%"
"07/08/2020","0.179","0.170","0.179","0.170","5.29%"
"07/07/2020","0.170","0.191","0.200","0.170","-10.05%"
"07/06/2020","0.189","0.159","0.202","0.159","17.39%"
"07/03/2020","0.161","0.149","0.161","0.149","5.92%"
"07/02/2020","0.152","0.152","0.152","0.152","-3.80%"
"06/30/2020","0.158","0.110","0.158","0.110","41.07%"
"06/29/2020","0.112","0.120","0.120","0.099","-5.88%"
"06/26/2020","0.119","0.119","0.119","0.119","116.36%"
"06/25/2020","0.055","0.043","0.055","0.043","-53.78%"
"06/24/2020","0.119","0.209","0.209","0.119","-43.06%"
"06/23/2020","0.209","0.209","0.209","0.209","-0.95%"
"06/22/2020","0.211","0.189","0.211","0.189","10.47%"
"06/19/2020","0.191","0.191","0.191","0.191","1.06%"
"06/18/2020","0.189","0.209","0.209","0.181","-10.43%"
"06/17/2020","0.211","0.219","0.219","0.191","-4.52%"
"06/16/2020","0.221","0.321","0.321","0.221","-30.50%"
"06/15/2020","0.318","0.301","0.318","0.301","5.30%"
"06/12/2020","0.302","0.310","0.310","0.302","-3.21%"
"06/11/2020","0.312","0.328","0.328","0.312","-5.17%"
"06/10/2020","0.329","0.349","0.349","0.329","-5.73%"
"06/09/2020","0.349","0.450","0.450","0.349","-22.62%"
"06/08/2020","0.451","0.460","0.460","0.451","-1.74%"
"06/05/2020","0.459","0.459","0.472","0.459","0.00%"
"06/04/2020","0.459","0.490","0.490","0.459","-6.13%"
"06/03/2020","0.489","0.511","0.511","0.489","-3.93%"
"06/02/2020","0.509","0.539","0.570","0.509","-6.09%"
"06/01/2020","0.542","0.572","0.572","0.542","-4.75%"
"05/29/2020","0.569","0.578","0.578","0.548","-1.73%"
"05/28/2020","0.579","0.550","0.579","0.550","5.66%"
"05/27/2020","0.548","0.569","0.569","0.548","-3.86%"
"05/26/2020","0.570","0.599","0.619","0.570","-5.32%"
"05/25/2020","0.602","0.619","0.619","0.602","-3.06%"
"05/22/2020","0.621","0.310","0.621","0.310","99.04%"
"05/21/2020","0.312","0.328","0.328","0.312","-5.17%"
"05/20/2020","0.329","0.321","0.329","0.321","3.13%"
"05/19/2020","0.319","0.319","0.319","0.319","0.31%"
"05/18/2020","0.318","0.331","0.331","0.318","-3.93%"
"05/15/2020","0.331","0.340","0.340","0.331","-2.93%"
"05/14/2020","0.341","0.341","0.341","0.341","0.00%"
"05/13/2020","0.341","0.329","0.341","0.329","3.65%"
"05/12/2020","0.329","0.329","0.329","0.321","-0.60%"
"05/11/2020","0.331","0.309","0.331","0.309","6.77%"
"05/08/2020","0.310","0.310","0.310","0.310","-0.64%"
"05/07/2020","0.312","0.291","0.312","0.291","8.33%"
"05/06/2020","0.288","0.329","0.329","0.280","-12.46%"
"05/05/2020","0.329","0.422","0.422","0.329","-21.85%"
"05/04/2020","0.421","0.408","0.421","0.408","24.37%"
"05/01/2020","0.338","0.338","0.338","0.338","0.00%"
"04/30/2020","0.338","0.338","0.338","0.338","-17.84%"
"04/29/2020","0.412","0.429","0.429","0.412","-4.19%"
"04/28/2020","0.430","0.470","0.470","0.430","-8.32%"
"04/27/2020","0.469","0.451","0.469","0.451","4.22%"
"04/24/2020","0.450","0.480","0.480","0.450","-6.25%"
"04/23/2020","0.480","0.538","0.538","0.480","-11.11%"
"04/22/2020","0.540","0.601","0.601","0.540","-9.85%"
"04/21/2020","0.599","0.679","0.679","0.599","-12.94%"
"04/20/2020","0.688","0.688","0.688","0.680","-0.15%"
"04/17/2020","0.689","0.650","0.710","0.650","6.16%"
"04/16/2020","0.649","0.690","0.690","0.649","-6.08%"
"04/15/2020","0.691","0.719","0.719","0.691","-3.89%"
"04/14/2020","0.719","0.691","0.719","0.691","14.58%"
"04/13/2020","0.627","0.627","0.627","0.627","0.00%"
"04/10/2020","0.627","0.627","0.627","0.627","-10.49%"
"04/09/2020","0.701","0.740","0.740","0.701","-5.14%"
"04/08/2020","0.739","0.731","0.739","0.731","2.78%"
"04/07/2020","0.719","0.719","0.719","0.719","0.14%"
"04/06/2020","0.718","0.701","0.718","0.701","2.28%"
"04/03/2020","0.702","0.681","0.702","0.681","3.54%"
"04/02/2020","0.678","0.678","0.699","0.678","-0.15%"
"04/01/2020","0.679","0.719","0.719","0.679","-5.56%"
"03/31/2020","0.719","0.699","0.719","0.672","0.14%"
"03/30/2020","0.718","0.718","0.718","0.718","0.00%"
"03/27/2020","0.718","0.672","0.718","0.672","7.16%"
"03/26/2020","0.670","0.690","0.690","0.670","-3.04%"
"03/25/2020","0.691","0.699","0.719","0.691","-1.14%"
"03/24/2020","0.699","0.639","0.699","0.639","9.05%"
"03/23/2020","0.641","0.649","0.701","0.641","-1.38%"
"03/20/2020","0.650","0.701","0.701","0.650","-6.88%"
"03/19/2020","0.698","0.649","0.698","0.649","8.72%"
"03/18/2020","0.642","0.589","0.642","0.589","8.81%"
"03/17/2020","0.590","0.518","0.590","0.518","13.46%"
"03/16/2020","0.520","0.602","0.602","0.520","-13.19%"
"03/13/2020","0.599","0.501","0.599","0.501","19.56%"
"03/12/2020","0.501","0.591","0.591","0.501","-14.94%"
"03/11/2020","0.589","0.589","0.589","0.589","-0.17%"
"03/10/2020","0.590","0.639","0.651","0.590","-7.96%"
"03/09/2020","0.641","0.701","0.701","0.641","-8.56%"
"03/06/2020","0.701","0.770","0.770","0.701","-8.72%"
"03/05/2020","0.768","0.801","0.801","0.768","-4.12%"
"03/04/2020","0.801","1.049","1.049","0.801","-23.71%"
"03/03/2020","1.050","1.171","1.171","1.050","-10.33%"
"03/02/2020","1.171","1.309","1.309","1.171","-10.68%"
"02/28/2020","1.311","1.401","1.401","1.298","-6.29%"
"02/27/2020","1.399","1.490","1.490","1.399","-6.11%"
"02/26/2020","1.490","1.490","1.490","1.490","0.00%"
"02/25/2020","1.490","1.578","1.578","1.490","-5.82%"
"02/24/2020","1.582","1.560","1.582","1.560","1.48%"
"02/21/2020","1.559","1.551","1.559","1.551","0.45%"
"02/20/2020","1.552","1.589","1.589","1.552","-2.51%"
"02/19/2020","1.592","1.629","1.629","1.592","-2.39%"
"02/18/2020","1.631","1.659","1.659","1.631","-1.75%"
"02/17/2020","1.660","1.621","1.660","1.621","2.53%"
"02/14/2020","1.619","1.589","1.619","1.589","1.89%"
"02/13/2020","1.589","1.610","1.610","1.581","-1.18%"
"02/12/2020","1.608","1.608","1.608","1.608","-0.19%"
"02/11/2020","1.611","1.692","1.692","1.611","-4.67%"
"02/10/2020","1.690","1.720","1.720","1.690","-1.86%"
"02/07/2020","1.722","1.722","1.722","1.700","0.06%"
"02/06/2020","1.721","1.721","1.721","1.721","0.12%"
"02/05/2020","1.719","1.772","1.772","1.719","-2.83%"
"02/04/2020","1.769","1.890","1.890","1.769","-6.35%"
"02/03/2020","1.889","1.889","1.902","1.889","0.00%"
"01/31/2020","1.889","1.880","1.901","1.880","0.53%"
"01/30/2020","1.879","1.870","1.899","1.870","0.48%"
"01/29/2020","1.870","1.878","1.878","1.870","1.41%"
"01/28/2020","1.844","1.844","1.844","1.844","0.00%"
"01/27/2020","1.844","1.844","1.844","1.844","-2.43%"
"01/24/2020","1.890","1.898","1.898","1.890","-0.47%"
"01/23/2020","1.899","1.899","1.899","1.891","0.00%"
"01/22/2020","1.899","1.899","1.911","1.899","0.05%"
"01/21/2020","1.898","1.890","1.910","1.890","0.48%"
"01/20/2020","1.889","1.859","1.889","1.859","1.61%"
"01/17/2020","1.859","1.850","1.859","1.850","0.49%"
"01/16/2020","1.850","1.850","1.850","1.850","0.00%"
"01/15/2020","1.850","1.891","1.891","1.850","-2.12%"
"01/14/2020","1.890","1.991","1.991","1.890","-4.98%"
"01/13/2020","1.989","1.989","1.989","1.980","-0.10%"
"01/10/2020","1.991","1.948","2.008","1.948","2.15%"
"01/09/2020","1.949","1.961","1.961","1.949","-0.56%"
"01/08/2020","1.960","1.981","1.981","1.960","-0.96%"
"01/07/2020","1.979","2.040","2.040","1.979","-3.04%"
"01/06/2020","2.041","1.940","2.041","1.940","0.99%"
"01/03/2020","2.021","1.940","2.021","1.940","4.12%"
"01/02/2020","1.941","2.061","2.061","1.941","-4.03%"
"01/01/2020","2.023","2.023","2.023","2.023","-1.72%"
"12/31/2019","2.058","1.919","2.058","1.919","7.24%"
"12/30/2019","1.919","1.950","1.950","1.919","-1.49%"
"12/27/2019","1.948","2.051","2.051","1.948","-3.28%"
"12/26/2019","2.014","2.014","2.014","2.014","0.00%"
"12/25/2019","2.014","2.014","2.014","2.014","-1.66%"
"12/24/2019","2.048","1.999","2.048","1.999","2.30%"
"12/23/2019","2.002","2.002","2.002","2.002","0.10%"
"12/20/2019","2.000","2.008","2.008","2.000","-0.55%"
"12/19/2019","2.011","2.011","2.011","2.011","0.10%"
"12/18/2019","2.009","2.009","2.009","2.001","-0.15%"
"12/17/2019","2.012","1.999","2.048","1.999","0.50%"
"12/16/2019","2.002","1.928","2.010","1.928","3.68%"
"12/13/2019","1.931","1.919","1.931","1.901","0.57%"
"12/12/2019","1.920","1.879","1.920","1.879","2.24%"
"12/11/2019","1.878","1.862","1.878","1.862","0.86%"
"12/10/2019","1.862","1.862","1.862","1.862","0.16%"
"12/09/2019","1.859","1.811","1.859","1.811","2.65%"
"12/06/2019","1.811","1.799","1.811","1.799","0.61%"
"12/05/2019","1.800","1.792","1.800","1.792","0.67%"
"12/04/2019","1.788","1.809","1.809","1.788","-1.16%"
"12/03/2019","1.809","1.882","1.882","1.809","-3.78%"
"12/02/2019","1.880","1.880","1.889","1.880","0.00%"
"11/29/2019","1.880","1.871","1.880","1.871","0.53%"
"11/28/2019","1.870","1.870","1.870","1.870","0.00%"
"11/27/2019","1.870","1.850","1.870","1.850","1.08%"
"11/26/2019","1.850","1.939","1.939","1.850","-4.69%"
"11/25/2019","1.941","1.911","1.941","1.902","1.62%"
"11/22/2019","1.910","1.970","1.970","1.901","-3.05%"
"11/21/2019","1.970","1.999","1.999","1.970","-1.55%"
"11/20/2019","2.001","2.001","2.009","2.001","0.10%"
"11/19/2019","1.999","1.979","1.999","1.979","0.96%"
"11/18/2019","1.980","2.032","2.032","1.980","-1.00%"
"11/15/2019","2.000","2.030","2.030","2.000","-1.57%"
"11/14/2019","2.032","1.949","2.032","1.949","4.10%"
"11/13/2019","1.952","1.862","1.952","1.862","4.83%"
"11/12/2019","1.862","1.918","1.951","1.862","-2.97%"
"11/08/2019","1.919","1.871","1.919","1.871","2.62%"
"11/07/2019","1.870","1.841","1.870","1.841","1.58%"
"11/06/2019","1.841","1.862","1.862","1.841","-1.13%"
"11/05/2019","1.862","1.862","1.862","1.862","-3.42%"
"11/04/2019","1.928","1.941","1.941","1.928","-0.62%"
"11/01/2019","1.940","1.940","1.940","1.931","-0.05%"
"10/31/2019","1.941","1.912","1.949","1.912","1.57%"
"10/30/2019","1.911","1.891","1.911","1.891","1.11%"
"10/29/2019","1.890","1.959","1.959","1.890","-3.47%"
"10/28/2019","1.958","1.980","1.980","1.950","-1.01%"
"10/25/2019","1.978","1.931","1.978","1.931","2.59%"
"10/24/2019","1.928","1.912","1.941","1.912","0.89%"
"10/23/2019","1.911","1.968","1.968","1.911","-3.04%"
"10/22/2019","1.971","1.951","1.979","1.951","1.08%"
"10/21/2019","1.950","1.941","1.958","1.941","0.52%"
"10/18/2019","1.940","1.931","1.940","1.931","0.62%"
"10/17/2019","1.928","1.949","1.949","1.928","-1.23%"
"10/16/2019","1.952","1.968","1.968","1.952","-0.96%"
"10/15/2019","1.971","1.999","1.999","1.971","-1.55%"
"10/14/2019","2.002","2.002","2.002","2.002","0.10%"
"10/11/2019","2.000","2.038","2.038","1.978","-1.96%"
"10/10/2019","2.040","2.152","2.152","2.040","-5.07%"
"10/09/2019","2.149","2.161","2.161","2.149","-0.56%"
"10/08/2019","2.161","1.999","2.161","1.999","7.62%"
"10/07/2019","2.008","2.008","2.008","2.008","0.00%"
"10/04/2019","2.008","2.038","2.038","2.008","-1.47%"
"10/03/2019","2.038","2.038","2.038","2.022","-0.10%"
"10/02/2019","2.040","2.040","2.040","2.040","-0.10%"
"10/01/2019","2.042","2.042","2.042","2.042","0.00%"
"09/30/2019","2.042","1.950","2.042","1.950","4.72%"
"09/27/2019","1.950","1.942","1.950","1.942","0.57%"
"09/26/2019","1.939","1.951","1.951","1.939","-0.56%"
"09/25/2019","1.950","1.930","1.950","1.930","1.09%"
"09/24/2019","1.929","1.909","1.929","1.909","0.52%"
"09/23/2019","1.919","1.902","1.919","1.889","0.95%"
"09/20/2019","1.901","1.889","1.901","1.889","0.53%"
"09/19/2019","1.891","1.899","1.899","1.891","-0.42%"
"09/18/2019","1.899","1.911","1.911","1.899","-0.58%"
"09/17/2019","1.910","1.829","1.910","1.821","4.49%"
"09/16/2019","1.828","1.850","1.850","1.828","-1.19%"
"09/13/2019","1.850","1.820","1.850","1.820","1.59%"
"09/12/2019","1.821","1.841","1.841","1.800","-1.09%"
"09/11/2019","1.841","1.829","1.850","1.829","0.66%"
"09/10/2019","1.829","1.841","1.898","1.829","-0.65%"
"09/09/2019","1.841","1.789","1.841","1.789","2.85%"
"09/06/2019","1.790","1.799","1.799","1.790","-0.56%"
"09/05/2019","1.800","1.870","1.870","1.800","-3.74%"
"09/04/2019","1.870","2.050","2.050","1.870","-8.69%"
"09/03/2019","2.048","2.048","2.101","2.048","-0.05%"
"09/02/2019","2.049","2.032","2.049","2.032","0.94%"
"08/30/2019","2.030","2.030","2.030","2.030","-0.10%"
"08/29/2019","2.032","1.999","2.032","1.999","1.55%"
"08/28/2019","2.001","2.058","2.058","1.968","-2.86%"
"08/27/2019","2.060","2.190","2.202","2.060","-6.41%"
"08/26/2019","2.201","2.201","2.201","2.188","0.00%"
"08/23/2019","2.201","2.219","2.219","2.201","-0.77%"
"08/22/2019","2.218","2.202","2.218","2.202","0.73%"
"08/21/2019","2.202","2.210","2.210","2.181","-0.36%"
"08/20/2019","2.210","2.101","2.210","2.101","5.19%"
"08/19/2019","2.101","2.032","2.101","2.032","0.14%"
"08/16/2019","2.098","2.051","2.111","2.051","2.44%"
"08/15/2019","2.048","2.048","2.098","2.048","-0.10%"
"08/14/2019","2.050","2.071","2.071","2.050","-0.87%"
"08/13/2019","2.068","1.862","2.068","1.862","11.24%"
"08/12/2019","1.859","1.859","1.859","1.859","-0.64%"
"08/09/2019","1.871","1.919","1.919","1.850","-2.55%"
"08/08/2019","1.920","1.970","1.970","1.920","-2.44%"
"08/07/2019","1.968","2.038","2.038","1.968","-3.53%"
"08/06/2019","2.040","2.020","2.040","1.979","3.03%"
"08/05/2019","1.980","1.971","1.980","1.950","0.51%"
"08/02/2019","1.970","1.978","1.978","1.948","-0.40%"
"08/01/2019","1.978","2.048","2.048","1.978","-3.51%"
"07/31/2019","2.050","2.050","2.050","2.022","0.10%"
"07/30/2019","2.048","2.068","2.068","2.048","-1.11%"
"07/29/2019","2.071","2.041","2.071","2.041","1.62%"
"07/26/2019","2.038","2.038","2.038","2.021","-0.10%"
"07/25/2019","2.040","2.061","2.061","2.019","-0.87%"
"07/24/2019","2.058","2.050","2.058","2.050","0.49%"
"07/23/2019","2.048","1.951","2.048","1.951","5.03%"
"07/22/2019","1.950","1.911","1.950","1.911","2.09%"
"07/19/2019","1.910","1.910","1.910","1.910","-0.10%"
"07/18/2019","1.912","1.891","1.912","1.891","0.05%"
"07/17/2019","1.911","1.891","1.911","1.891","1.11%"
"07/16/2019","1.890","1.801","1.890","1.801","5.12%"
"07/15/2019","1.798","1.859","1.859","1.798","-3.28%"
"07/12/2019","1.859","1.970","1.970","1.859","-5.63%"
"07/11/2019","1.970","2.048","2.048","1.970","-3.90%"
"07/10/2019","2.050","2.149","2.149","2.022","-4.61%"
"07/09/2019","2.149","2.210","2.210","2.149","-3.15%"
"07/08/2019","2.219","2.232","2.240","2.219","-0.54%"
"07/05/2019","2.231","2.249","2.249","2.219","-0.93%"
"07/04/2019","2.252","2.181","2.252","2.181","3.26%"
"07/03/2019","2.181","2.218","2.218","2.128","-1.67%"
"07/02/2019","2.218","1.959","2.218","1.959","12.53%"
"07/01/2019","1.971","1.971","1.971","1.971","0.00%"
"06/28/2019","1.971","2.071","2.071","1.971","-4.74%"
"06/27/2019","2.069","2.119","2.119","2.069","-2.41%"
"06/26/2019","2.120","2.210","2.210","2.120","-4.07%"
"06/25/2019","2.210","2.101","2.210","2.089","4.74%"
"06/24/2019","2.110","2.101","2.110","2.101","0.57%"
"06/21/2019","2.098","2.051","2.111","2.051","2.44%"
"06/20/2019","2.048","2.111","2.111","2.048","-3.03%"
"06/19/2019","2.112","2.099","2.112","2.099","0.52%"
"06/18/2019","2.101","2.012","2.101","2.012","4.06%"
"06/17/2019","2.019","2.049","2.049","2.002","-1.56%"
"06/14/2019","2.051","2.038","2.051","2.008","0.54%"
"06/13/2019","2.040","2.032","2.040","2.019","0.49%"
"06/12/2019","2.030","1.981","2.030","1.981","2.58%"
"06/11/2019","1.979","1.890","1.979","1.890","4.76%"
"06/10/2019","1.889","1.889","1.902","1.889","0.00%"
"06/07/2019","1.889","1.889","1.889","1.889","0.00%"
"06/06/2019","1.889","1.889","1.889","1.871","-0.11%"
"06/05/2019","1.891","1.919","1.919","1.891","-1.41%"
"06/04/2019","1.918","1.882","1.918","1.882","2.02%"
"06/03/2019","1.880","1.919","1.919","1.880","-2.03%"
"05/31/2019","1.919","1.931","1.931","1.919","-0.47%"
"05/30/2019","1.928","1.912","1.928","1.912","0.89%"
"05/29/2019","1.911","1.952","1.952","1.911","-2.05%"
"05/28/2019","1.951","1.850","1.951","1.850","5.46%"
"05/27/2019","1.850","1.850","1.850","1.841","0.00%"
"05/24/2019","1.850","1.850","1.850","1.850","0.00%"
"05/23/2019","1.850","1.829","1.850","1.829","1.15%"
"05/22/2019","1.829","1.841","1.841","1.829","-0.65%"
"05/21/2019","1.841","1.821","1.882","1.821","1.66%"
"05/20/2019","1.811","1.798","1.811","1.798","0.67%"
"05/17/2019","1.799","1.829","1.829","1.799","-1.64%"
"05/16/2019","1.829","1.821","1.829","1.821","0.44%"
"05/15/2019","1.821","1.788","1.821","1.788","1.79%"
"05/14/2019","1.789","1.760","1.809","1.760","1.19%"
"05/13/2019","1.768","1.768","1.768","1.768","0.00%"
"05/10/2019","1.768","1.768","1.768","1.751","-0.17%"
"05/09/2019","1.771","1.771","1.771","1.771","-0.06%"
"05/08/2019","1.772","1.829","1.829","1.772","-3.12%"
"05/07/2019","1.829","1.951","1.951","1.829","-5.77%"
"05/06/2019","1.941","2.058","2.058","1.941","-5.78%"
"05/03/2019","2.060","2.060","2.060","2.038","-0.05%"
"05/02/2019","2.061","2.061","2.061","2.040","0.15%"
"05/01/2019","2.058","2.058","2.058","2.058","0.00%"
"04/30/2019","2.058","2.050","2.058","2.030","0.44%"
"04/29/2019","2.049","2.049","2.049","2.019","-0.10%"
"04/26/2019","2.051","2.030","2.051","2.030","0.94%"
"04/25/2019","2.032","2.019","2.061","2.019","0.49%"
"04/24/2019","2.022","2.030","2.058","2.022","-0.49%"
"04/23/2019","2.032","1.918","2.032","1.918","5.89%"
"04/22/2019","1.919","1.919","1.919","1.919","0.00%"
"04/19/2019","1.919","1.919","1.919","1.919","0.00%"
"04/18/2019","1.919","1.971","1.971","1.919","-2.49%"
"04/17/2019","1.968","2.050","2.050","1.968","-3.91%"
"04/16/2019","2.048","1.999","2.048","1.999","2.30%"
"04/15/2019","2.002","1.889","2.002","1.889","5.98%"
"04/12/2019","1.889","1.901","1.901","1.811","-0.53%"
"04/11/2019","1.899","2.011","2.011","1.899","-5.48%"
"04/10/2019","2.009","1.841","2.009","1.841","9.13%"
"04/09/2019","1.841","1.619","1.841","1.619","13.57%"
"04/08/2019","1.621","1.590","1.621","1.582","2.01%"
"04/05/2019","1.589","1.589","1.589","1.589","0.00%"
"04/04/2019","1.589","1.551","1.589","1.551","2.45%"
"04/03/2019","1.551","1.490","1.551","1.490","4.09%"
"04/02/2019","1.490","1.389","1.490","1.389","7.12%"
"04/01/2019","1.391","1.348","1.391","1.348","3.04%"
"03/29/2019","1.350","1.371","1.388","1.350","-1.46%"
"03/28/2019","1.370","1.378","1.378","1.370","-0.72%"
"03/27/2019","1.380","1.449","1.449","1.380","-4.76%"
"03/26/2019","1.449","1.599","1.599","1.449","-8.87%"
"03/25/2019","1.590","1.599","1.599","1.582","-0.75%"
"03/22/2019","1.602","1.580","1.619","1.580","1.33%"
"03/21/2019","1.581","1.581","1.581","1.581","0.06%"
"03/20/2019","1.580","1.502","1.580","1.502","5.19%"
"03/19/2019","1.502","1.453","1.502","1.453","3.44%"
"03/18/2019","1.452","1.469","1.469","1.452","-1.16%"
"03/15/2019","1.469","1.499","1.499","1.469","-1.94%"
"03/14/2019","1.498","1.490","1.498","1.490","0.54%"
"03/13/2019","1.490","1.461","1.490","1.461","1.98%"
"03/12/2019","1.461","1.437","1.461","1.437","1.53%"
"03/11/2019","1.439","1.379","1.439","1.379","4.28%"
"03/08/2019","1.380","1.358","1.380","1.350","1.32%"
"03/07/2019","1.362","1.341","1.362","1.341","1.72%"
"03/06/2019","1.339","1.359","1.359","1.331","-1.54%"
"03/05/2019","1.360","1.263","1.360","1.263","7.77%"
"03/04/2019","1.262","1.240","1.262","1.240","1.86%"
"03/01/2019","1.239","1.222","1.239","1.222","1.39%"
"02/28/2019","1.222","1.230","1.230","1.209","-0.49%"
"02/27/2019","1.228","1.192","1.228","1.192","3.11%"
"02/26/2019","1.191","1.171","1.191","1.171","2.85%"
"02/25/2019","1.158","1.171","1.171","1.158","-1.03%"
"02/22/2019","1.170","1.170","1.170","1.162","0.17%"
"02/21/2019","1.168","1.160","1.168","1.160","0.78%"
"02/20/2019","1.159","1.180","1.180","1.151","-1.70%"
"02/19/2019","1.179","1.130","1.179","1.126","4.52%"
"02/18/2019","1.128","1.128","1.128","1.128","-0.35%"
"02/15/2019","1.132","1.132","1.132","1.132","0.09%"
"02/14/2019","1.131","1.160","1.160","1.131","-2.42%"
"02/13/2019","1.159","1.180","1.180","1.159","-1.70%"
"02/12/2019","1.179","1.159","1.199","1.159","2.52%"
"02/11/2019","1.150","1.128","1.150","1.128","1.59%"
"02/08/2019","1.132","1.162","1.162","1.132","-2.41%"
"02/07/2019","1.160","1.160","1.160","1.160","0.00%"
"02/06/2019","1.160","1.160","1.160","1.160","0.00%"
"02/05/2019","1.160","1.160","1.160","1.160","0.00%"
"02/04/2019","1.160","1.090","1.160","1.090","6.52%"
"02/01/2019","1.089","1.081","1.089","1.081","0.65%"
"01/31/2019","1.082","1.171","1.171","1.082","-7.60%"
"01/30/2019","1.171","1.191","1.199","1.171","-1.60%"
"01/29/2019","1.190","1.190","1.190","1.190","0.85%"
"01/28/2019","1.180","1.219","1.219","1.180","-3.44%"
"01/25/2019","1.222","1.230","1.230","1.222","-0.65%"
"01/24/2019","1.230","1.279","1.279","1.222","-4.06%"
"01/23/2019","1.282","1.318","1.318","1.282","-2.88%"
"01/22/2019","1.320","1.276","1.320","1.276","3.21%"
"01/21/2019","1.279","1.249","1.279","1.249","2.24%"
"01/18/2019","1.251","1.251","1.251","1.230","0.00%"
"01/17/2019","1.251","1.251","1.259","1.251","0.16%"
"01/16/2019","1.249","1.269","1.269","1.249","-1.73%"
"01/15/2019","1.271","1.292","1.328","1.271","0.00%"
"01/14/2019","1.271","1.292","1.292","1.271","-1.47%"
"01/11/2019","1.290","1.418","1.418","1.290","-9.15%"
"01/10/2019","1.420","1.461","1.461","1.420","-2.81%"
"01/09/2019","1.461","1.551","1.551","1.461","-5.74%"
"01/08/2019","1.550","1.659","1.659","1.550","-6.63%"
"01/07/2019","1.660","1.690","1.690","1.660","-1.89%"
"01/04/2019","1.692","1.662","1.692","1.662","1.99%"
"01/03/2019","1.659","1.659","1.659","1.651","-0.12%"
"01/02/2019","1.661","1.751","1.751","1.661","-4.98%"
"01/01/2019","1.748","1.748","1.748","1.748","0.00%"